category_id,category_name
0,dark
1,group
2,increase
3,force
4,serious
5,series
6,finish
7,candidate
8,tonight
9,money
10,represent
11,thus
12,happy
13,including
14,paper
15,year
16,employee
17,record
18,boy
19,defense
20,country
21,sense
22,little
23,tell
24,ever
25,morning
26,east
27,certain
28,final
29,hospital
30,main
31,social
32,role
33,history
34,body
35,inside
36,food
37,garden
38,choice
39,state
40,hospital
41,civil
42,few
43,region
44,office
45,buy
46,get
47,star
48,improve
49,industry
50,tell
51,finally
52,news
53,eat
54,bring
55,interesting
56,stock
57,rich
58,foreign
59,moment
60,take
61,save
62,data
63,cause
64,state
65,former
66,her
67,suggest
68,commercial
69,source
70,tend
71,card
72,four
73,whose
74,reduce
75,citizen
76,student
77,where
78,reach
79,reveal
80,left
81,even
82,court
83,save
84,what
85,low
86,we
87,spend
88,per
89,detail
90,sister
91,purpose
92,over
93,phone
94,performance
95,media
96,control
97,outside
98,require
99,various
100,nice
101,store
102,hot
103,town
104,sort
105,somebody
106,another
107,best
108,improve
109,condition
110,physical
111,plan
112,commercial
113,move
114,who
115,start
116,enjoy
117,line
118,modern
119,oil
120,thus
121,economic
122,far
123,blue
124,myself
125,create
126,next
127,during
128,billion
129,option
130,story
131,field
132,if
133,news
134,pattern
135,rule
136,listen
137,administration
138,contain
139,worker
140,image
141,others
142,win
143,board
144,relate
145,strategy
146,letter
147,bit
148,hair
149,return
150,quickly
151,future
152,charge
153,head
154,analysis
155,live
156,yet
157,and
158,end
159,career
160,way
161,manage
162,manager
163,subject
164,particularly
165,laugh
166,figure
167,Mr
168,kind
169,picture
170,laugh
171,major
172,design
173,use
174,pattern
175,she
176,itself
177,husband
178,natural
179,foreign
180,least
181,movie
182,better
183,owner
184,unit
185,describe
186,training
187,environmental
188,clearly
189,thus
190,certain
191,red
192,whatever
193,term
194,itself
195,poor
196,several
197,car
198,resource
199,occur
200,line
201,figure
202,result
203,investment
204,ball
205,direction
206,real
207,thousand
208,foreign
209,should
210,be
211,by
212,clear
213,staff
214,various
215,age
216,first
217,staff
218,treatment
219,name
220,like
221,job
222,car
223,say
224,behind
225,listen
226,can
227,wrong
228,quite
229,inside
230,allow
231,son
232,wait
233,identify
234,treatment
235,respond
236,focus
237,less
238,center
239,today
240,treat
241,generation
242,no
243,how
244,account
245,couple
246,professional
247,economy
248,about
249,outside
250,past
251,call
252,believe
253,half
254,staff
255,skill
256,minute
257,response
258,coach
259,million
260,relationship
261,why
262,bank
263,around
264,career
265,indicate
266,present
267,hear
268,by
269,chair
270,almost
271,article
272,since
273,place
274,year
275,political
276,during
277,one
278,book
279,certainly
280,ahead
281,senior
282,ago
283,gun
284,trip
285,fly
286,on
287,head
288,rock
289,though
290,although
291,his
292,quality
293,purpose
294,article
295,bed
296,give
297,try
298,building
299,may
300,behavior
301,focus
302,summer
303,feel
304,amount
305,image
306,choose
307,garden
308,provide
309,allow
310,about
311,participant
312,subject
313,upon
314,page
315,must
316,computer
317,capital
318,future
319,economic
320,participant
321,become
322,answer
323,audience
324,myself
325,live
326,outside
327,similar
328,fly
329,range
330,expert
331,rather
332,between
333,reduce
334,each
335,fish
336,everybody
337,artist
338,blue
339,same
340,maybe
341,right
342,dog
343,heart
344,source
345,morning
346,full
347,any
348,cell
349,page
350,open
351,between
352,marriage
353,different
354,character
355,program
356,prove
357,high
358,rest
359,old
360,my
361,order
362,appear
363,take
364,report
365,born
366,seven
367,pay
368,main
369,deep
370,score
371,compare
372,their
373,behind
374,act
375,past
376,consumer
377,rise
378,painting
379,perform
380,two
381,low
382,letter
383,environmental
384,along
385,claim
386,suggest
387,through
388,play
389,hospital
390,wrong
391,direction
392,open
393,to
394,for
395,last
396,that
397,amount
398,source
399,part
400,main
401,head
402,half
403,anyone
404,remain
405,area
406,expect
407,like
408,subject
409,record
410,stock
411,generation
412,control
413,unit
414,successful
415,factor
416,though
417,help
418,who
419,civil
420,daughter
421,marriage
422,from
423,third
424,protect
425,institution
426,upon
427,man
428,still
429,floor
430,rich
431,believe
432,bit
433,direction
434,heavy
435,exactly
436,road
437,dream
438,war
439,especially
440,happy
441,all
442,event
443,yes
444,build
445,example
446,western
447,official
448,institution
449,carry
450,debate
451,contain
452,control
453,civil
454,approach
455,accept
456,serve
457,until
458,moment
459,fish
460,TV
461,finally
462,quickly
463,actually
464,would
465,recent
466,major
467,program
468,five
469,majority
470,trouble
471,director
472,month
473,my
474,including
475,challenge
476,physical
477,home
478,gas
479,finish
480,clearly
481,little
482,great
483,cup
484,campaign
485,everything
486,no
487,also
488,ability
489,tough
490,everything
491,foot
492,still
493,miss
494,itself
495,charge
496,could
497,boy
498,maybe
499,its
500,everybody
501,him
502,gun
503,fish
504,nature
505,would
506,place
507,religious
508,eye
509,where
510,onto
511,huge
512,half
513,window
514,agreement
515,late
516,blood
517,rest
518,market
519,society
520,serve
521,these
522,name
523,whom
524,read
525,share
526,protect
527,sense
528,spring
529,term
530,claim
531,us
532,your
533,forget
534,show
535,small
536,hotel
537,clear
538,issue
539,rock
540,own
541,attorney
542,PM
543,yes
544,small
545,who
546,get
547,wear
548,provide
549,remain
550,business
551,may
552,old
553,future
554,suffer
555,recent
556,west
557,message
558,series
559,billion
560,stay
561,door
562,night
563,heavy
564,form
565,view
566,store
567,edge
568,sport
569,wait
570,behavior
571,speak
572,kind
573,town
574,ever
575,past
576,produce
577,traditional
578,charge
579,piece
580,condition
581,family
582,own
583,name
584,heavy
585,less
586,so
587,second
588,somebody
589,thing
590,season
591,know
592,scene
593,agent
594,audience
595,inside
596,attack
597,view
598,minute
599,end
600,act
601,address
602,thank
603,newspaper
604,go
605,enjoy
606,create
607,central
608,nor
609,should
610,more
611,worker
612,yeah
613,idea
614,collection
615,onto
616,song
617,free
618,structure
619,say
620,carry
621,reveal
622,Democrat
623,technology
624,where
625,indicate
626,dog
627,name
628,discussion
629,beyond
630,college
631,listen
632,possible
633,hair
634,yard
635,shake
636,blood
637,TV
638,ball
639,set
640,draw
641,mission
642,ten
643,light
644,three
645,argue
646,would
647,appear
648,also
649,huge
650,director
651,already
652,cost
653,offer
654,foreign
655,might
656,social
657,fire
658,he
659,water
660,big
661,threat
662,central
663,budget
664,black
665,life
666,much
667,unit
668,low
669,bad
670,everything
671,mind
672,mean
673,blue
674,on
675,into
676,manage
677,foreign
678,situation
679,system
680,myself
681,result
682,cold
683,event
684,dinner
685,travel
686,water
687,wide
688,add
689,benefit
690,president
691,some
692,explain
693,bank
694,describe
695,radio
696,so
697,feeling
698,check
699,president
700,various
701,condition
702,stand
703,compare
704,yet
705,eye
706,voice
707,benefit
708,value
709,prove
710,agreement
711,town
712,wall
713,reveal
714,unit
715,happy
716,create
717,story
718,machine
719,artist
720,good
721,go
722,western
723,out
724,mind
725,their
726,heavy
727,officer
728,young
729,debate
730,official
731,change
732,wonder
733,provide
734,fact
735,simply
736,mention
737,old
738,able
739,rate
740,prevent
741,early
742,eight
743,box
744,plan
745,get
746,according
747,section
748,early
749,present
750,painting
751,artist
752,under
753,federal
754,spring
755,this
756,account
757,decade
758,involve
759,accept
760,impact
761,answer
762,two
763,kitchen
764,meeting
765,focus
766,win
767,analysis
768,scene
769,police
770,personal
771,stock
772,position
773,open
774,ago
775,then
776,step
777,movie
778,also
779,position
780,situation
781,tough
782,machine
783,make
784,part
785,on
786,quite
787,watch
788,your
789,ok
790,government
791,good
792,house
793,science
794,point
795,particular
796,east
797,eight
798,ago
799,against
800,test
801,wonder
802,from
803,news
804,for
805,cause
806,service
807,agent
808,role
809,water
810,drive
811,reach
812,example
813,sit
814,road
815,which
816,apply
817,central
818,technology
819,raise
820,majority
821,against
822,reduce
823,become
824,control
825,pressure
826,way
827,citizen
828,collection
829,culture
830,teacher
831,yes
832,water
833,environment
834,yeah
835,that
836,table
837,hospital
838,certainly
839,table
840,occur
841,rather
842,develop
843,last
844,main
845,appear
846,contain
847,suddenly
848,customer
849,gas
850,list
851,enter
852,paper
853,partner
854,ever
855,stop
856,security
857,sense
858,without
859,to
860,whether
861,suffer
862,work
863,technology
864,foreign
865,TV
866,cost
867,drive
868,phone
869,he
870,foreign
871,season
872,political
873,for
874,site
875,national
876,enough
877,total
878,establish
879,turn
880,spend
881,seat
882,record
883,support
884,main
885,learn
886,foot
887,lose
888,fear
889,respond
890,face
891,movie
892,production
893,stuff
894,treatment
895,and
896,include
897,avoid
898,low
899,tonight
900,like
901,mention
902,total
903,clearly
904,list
905,another
906,security
907,material
908,billion
909,score
910,pattern
911,often
912,newspaper
913,fear
914,rock
915,just
916,compare
917,knowledge
918,marriage
919,cut
920,result
921,myself
922,community
923,politics
924,pattern
925,national
926,however
927,southern
928,pull
929,cold
930,my
931,market
932,security
933,modern
934,out
935,Congress
936,late
937,situation
938,gas
939,yet
940,discover
941,color
942,simply
943,approach
944,condition
945,beautiful
946,ok
947,nor
948,whose
949,represent
950,bag
951,speak
952,note
953,recognize
954,more
955,professor
956,ball
957,price
958,environment
959,budget
960,item
961,red
962,section
963,sport
964,three
965,majority
966,about
967,station
968,art
969,better
970,physical
971,red
972,let
973,new
974,memory
975,sometimes
976,a
977,my
978,seat
979,wear
980,discover
981,culture
982,reason
983,prevent
984,source
985,at
986,provide
987,production
988,life
989,seem
990,prevent
991,could
992,capital
993,true
994,expect
995,attorney
996,window
997,own
998,often
999,heart
