product_id,product_name,price
0,meeting,99.04
1,sure,63.67
2,story,99.53
3,health,73.62
4,raise,76.06
5,collection,64.44
6,who,16.7
7,help,94.51
8,recognize,47.48
9,operation,39.57
10,know,38.84
11,which,88.55
12,ten,10.3
13,during,32.19
14,benefit,20.96
15,national,84.34
16,state,27.62
17,tree,88.13
18,trade,45.22
19,hospital,49.27
20,chair,77.86
21,plan,19.89
22,writer,64.12
23,prepare,69.9
24,maintain,36.08
25,book,37.54
26,season,78.15
27,moment,10.55
28,country,57.05
29,generation,21.22
30,light,51.61
31,likely,14.01
32,model,59.31
33,several,52.1
34,fund,70.33
35,focus,31.98
36,start,48.06
37,most,40.94
38,build,88.43
39,data,24.22
40,system,10.46
41,sometimes,36.52
42,military,73.33
43,writer,63.01
44,star,37.37
45,actually,46.58
46,until,62.98
47,movie,76.28
48,section,46.93
49,even,90.19
50,ask,28.45
51,instead,96.99
52,yet,68.28
53,thought,31.16
54,economy,78.69
55,city,20.94
56,question,81.55
57,different,71.53
58,moment,22.52
59,toward,13.25
60,age,14.75
61,statement,85.66
62,opportunity,57.44
63,wrong,13.08
64,with,59.27
65,nor,96.48
66,hair,27.86
67,ask,11.52
68,hard,59.58
69,opportunity,80.19
70,nice,49.59
71,fight,54.65
72,unit,96.9
73,argue,31.91
74,mention,45.61
75,appear,68.26
76,international,16.72
77,maintain,95.78
78,program,47.74
79,administration,64.68
80,agreement,31.15
81,short,58.28
82,response,19.55
83,produce,31.39
84,adult,51.8
85,trial,35.86
86,run,15.53
87,stay,28.13
88,compare,75.82
89,why,66.04
90,seat,54.84
91,people,92.11
92,camera,50.76
93,language,95.02
94,parent,61.58
95,view,34.76
96,herself,89.57
97,work,20.23
98,each,28.09
99,list,17.75
100,well,35.62
101,standard,75.47
102,team,67.31
103,pretty,19.29
104,develop,40.01
105,record,77.65
106,charge,60.47
107,call,12.22
108,guy,76.3
109,family,72.38
110,financial,68.83
111,little,12.52
112,environment,63.05
113,experience,70.4
114,rich,63.89
115,subject,90.21
116,institution,34.48
117,lose,52.27
118,cause,51.93
119,human,54.15
120,contain,84.23
121,worker,94.48
122,kind,77.3
123,partner,79.81
124,Mr,22.7
125,short,96.68
126,game,66.05
127,pick,96.84
128,less,54.27
129,hope,33.05
130,official,43.57
131,concern,78.0
132,design,30.12
133,wait,60.9
134,around,19.42
135,year,90.31
136,practice,64.83
137,yet,97.48
138,pull,53.7
139,full,93.41
140,investment,21.27
141,floor,23.02
142,else,29.09
143,itself,18.28
144,give,27.98
145,space,41.11
146,top,20.66
147,clear,47.39
148,beautiful,24.26
149,after,80.24
150,her,47.04
151,middle,66.23
152,pretty,12.94
153,key,67.22
154,into,72.87
155,us,89.37
156,source,92.84
157,air,23.26
158,easy,80.69
159,source,97.92
160,five,98.55
161,might,75.46
162,choose,83.03
163,property,50.83
164,position,60.12
165,law,66.87
166,throw,34.13
167,wait,27.67
168,person,29.95
169,huge,52.07
170,expert,13.93
171,simply,69.21
172,really,84.23
173,us,45.76
174,receive,96.97
175,care,15.01
176,every,97.46
177,mind,21.36
178,word,14.55
179,property,23.0
180,measure,88.61
181,teacher,40.39
182,hot,19.63
183,decision,10.28
184,special,37.05
185,hit,22.48
186,election,96.87
187,store,32.55
188,article,71.71
189,practice,74.27
190,citizen,18.66
191,sound,51.01
192,sell,50.62
193,environment,28.13
194,physical,76.94
195,wrong,38.69
196,approach,21.54
197,stay,49.27
198,plant,52.33
199,organization,20.6
200,they,32.71
201,water,43.23
202,business,68.56
203,reason,18.88
204,southern,18.44
205,here,53.59
206,Mr,59.42
207,difference,67.5
208,thing,75.18
209,cut,51.73
210,answer,46.98
211,trial,25.44
212,also,56.13
213,soon,68.64
214,religious,62.9
215,support,89.03
216,cut,79.77
217,other,35.89
218,poor,34.7
219,almost,97.45
220,least,20.48
221,down,53.47
222,brother,67.1
223,result,32.74
224,argue,51.42
225,wrong,86.86
226,thing,74.56
227,none,81.81
228,stage,97.26
229,nothing,99.44
230,cause,41.29
231,animal,96.93
232,consumer,88.41
233,professor,94.36
234,none,14.55
235,process,63.03
236,front,84.59
237,plan,10.47
238,various,81.48
239,score,84.53
240,pick,15.29
241,career,77.81
242,true,61.19
243,reflect,26.38
244,health,12.88
245,later,20.21
246,notice,72.38
247,live,32.29
248,see,94.77
249,above,97.41
250,add,64.91
251,enter,38.09
252,tough,23.49
253,reality,73.76
254,statement,55.13
255,culture,90.48
256,the,22.74
257,family,41.5
258,serve,55.01
259,meeting,24.76
260,sense,60.2
261,better,96.37
262,wife,50.66
263,rate,50.59
264,wonder,78.63
265,stuff,84.1
266,actually,97.0
267,parent,99.86
268,event,68.5
269,still,32.0
270,Mr,68.35
271,glass,90.27
272,assume,58.78
273,clear,75.2
274,around,84.94
275,sister,35.55
276,nature,56.43
277,real,61.08
278,present,12.44
279,near,25.19
280,direction,25.91
281,soldier,24.31
282,do,43.67
283,strategy,79.17
284,myself,80.63
285,Mrs,66.16
286,budget,53.5
287,party,66.08
288,partner,43.63
289,forget,99.75
290,fill,67.81
291,build,97.53
292,serious,91.3
293,part,16.06
294,wear,85.84
295,along,22.69
296,check,54.04
297,growth,55.23
298,before,38.09
299,number,21.35
300,skill,53.43
301,adult,95.71
302,source,54.45
303,our,88.42
304,option,48.05
305,catch,95.59
306,growth,94.36
307,any,55.06
308,miss,24.4
309,agreement,93.99
310,compare,28.44
311,shoulder,71.38
312,realize,61.13
313,miss,95.86
314,black,47.7
315,scientist,88.99
316,include,99.34
317,form,19.48
318,staff,51.35
319,better,42.32
320,charge,36.37
321,seek,31.12
322,measure,43.9
323,other,45.94
324,bank,94.93
325,seven,20.14
326,radio,11.68
327,his,18.8
328,relationship,68.2
329,alone,41.42
330,reflect,93.45
331,investment,86.3
332,state,56.6
333,unit,75.25
334,partner,35.69
335,free,16.22
336,hear,85.88
337,north,17.02
338,get,33.04
339,play,21.27
340,share,48.88
341,help,28.18
342,cultural,87.54
343,store,97.72
344,owner,70.98
345,safe,96.27
346,responsibility,63.18
347,most,76.9
348,myself,47.24
349,effort,52.96
350,attention,74.36
351,out,28.93
352,food,21.32
353,bar,25.62
354,election,44.45
355,in,74.36
356,nor,98.98
357,job,49.85
358,gun,70.28
359,wonder,10.8
360,including,26.97
361,discussion,10.95
362,specific,57.42
363,agency,64.39
364,professional,95.67
365,card,84.68
366,eight,52.73
367,ok,98.19
368,campaign,28.17
369,trial,84.18
370,consumer,38.59
371,see,87.82
372,here,91.81
373,color,15.77
374,tree,92.61
375,meet,55.47
376,must,74.4
377,business,72.89
378,very,88.8
379,everyone,63.59
380,book,84.16
381,interesting,16.17
382,car,18.44
383,lawyer,90.67
384,sometimes,58.46
385,know,30.25
386,paper,14.65
387,begin,73.25
388,maybe,85.16
389,product,76.53
390,able,68.4
391,pull,69.28
392,much,26.59
393,back,54.34
394,physical,18.15
395,many,45.04
396,less,63.44
397,arm,15.26
398,section,23.16
399,grow,95.27
400,knowledge,51.92
401,nothing,73.52
402,amount,19.79
403,various,20.61
404,look,45.07
405,raise,34.9
406,trouble,90.65
407,Republican,67.08
408,ground,89.7
409,new,61.18
410,thought,12.66
411,after,81.49
412,generation,14.21
413,government,43.79
414,wall,66.31
415,ability,82.83
416,suffer,93.33
417,well,95.78
418,reason,71.95
419,too,43.99
420,federal,52.81
421,itself,96.89
422,public,33.67
423,agency,71.57
424,number,97.2
425,number,63.49
426,consider,98.63
427,across,42.32
428,watch,71.01
429,see,26.38
430,clear,40.19
431,us,77.5
432,must,97.26
433,article,45.89
434,consider,55.87
435,newspaper,26.89
436,age,22.79
437,foreign,53.72
438,authority,57.44
439,trade,69.45
440,task,80.2
441,smile,68.24
442,job,24.46
443,reveal,99.9
444,guess,76.18
445,drop,22.75
446,financial,11.06
447,what,68.82
448,provide,97.71
449,another,47.56
450,determine,68.78
451,charge,46.75
452,white,71.13
453,executive,42.72
454,minute,58.52
455,mean,81.32
456,black,61.51
457,create,96.19
458,who,54.84
459,eye,48.54
460,discover,98.6
461,often,72.87
462,service,62.58
463,describe,52.8
464,ahead,82.58
465,argue,38.91
466,become,36.63
467,peace,92.77
468,carry,11.81
469,compare,71.31
470,evening,89.8
471,minute,99.53
472,because,32.23
473,eye,17.79
474,collection,70.17
475,term,78.89
476,notice,20.31
477,ago,82.1
478,media,67.88
479,middle,46.88
480,month,78.13
481,those,90.93
482,security,88.4
483,lay,72.41
484,later,86.72
485,almost,64.02
486,blood,98.81
487,side,66.95
488,method,71.19
489,peace,46.29
490,decade,72.6
491,most,17.57
492,interview,78.08
493,economic,57.56
494,now,85.94
495,speech,91.9
496,moment,75.8
497,side,77.39
498,note,95.95
499,reflect,95.23
500,piece,16.97
501,animal,18.69
502,method,40.91
503,least,46.6
504,off,43.61
505,poor,37.49
506,agreement,29.11
507,education,23.05
508,guess,74.43
509,front,51.89
510,thus,89.08
511,sometimes,38.41
512,hold,10.33
513,crime,99.95
514,science,78.26
515,the,29.96
516,easy,18.96
517,high,70.19
518,consumer,67.74
519,dark,29.22
520,sing,43.8
521,while,78.55
522,none,86.57
523,benefit,48.2
524,manager,93.76
525,throw,74.74
526,between,82.53
527,north,18.95
528,nor,65.51
529,range,14.18
530,one,72.65
531,court,21.22
532,deep,42.27
533,character,80.19
534,produce,74.37
535,nothing,46.8
536,join,39.85
537,rule,62.06
538,somebody,78.6
539,lead,19.7
540,challenge,79.91
541,attack,12.63
542,middle,20.2
543,attack,90.68
544,experience,38.99
545,draw,74.85
546,account,88.06
547,crime,42.45
548,threat,25.65
549,part,56.24
550,exist,60.75
551,first,95.0
552,woman,87.64
553,situation,41.44
554,TV,98.06
555,today,75.95
556,time,72.81
557,same,12.42
558,authority,35.81
559,alone,49.6
560,other,25.18
561,answer,81.34
562,along,72.37
563,plant,32.7
564,mother,78.48
565,language,10.07
566,could,21.08
567,discussion,93.13
568,government,35.3
569,learn,84.19
570,much,82.9
571,magazine,56.71
572,current,11.9
573,out,51.19
574,example,49.95
575,where,50.3
576,go,68.36
577,may,87.48
578,dog,81.9
579,study,83.48
580,someone,53.38
581,while,50.79
582,glass,28.02
583,shoulder,61.89
584,a,40.59
585,together,51.26
586,night,67.33
587,wrong,63.78
588,early,75.35
589,society,90.97
590,main,46.28
591,born,69.51
592,seek,17.01
593,doctor,88.99
594,plant,41.22
595,whose,87.73
596,find,25.01
597,good,53.95
598,while,72.86
599,relationship,19.95
600,camera,70.46
601,develop,19.63
602,foreign,96.48
603,city,20.34
604,season,26.36
605,thing,24.25
606,bed,49.44
607,focus,60.84
608,agreement,49.66
609,along,47.46
610,knowledge,51.01
611,recognize,11.96
612,beat,25.83
613,eye,45.8
614,fund,77.38
615,detail,31.44
616,explain,49.79
617,effort,44.7
618,specific,90.11
619,financial,48.78
620,difference,10.44
621,against,66.42
622,church,31.51
623,example,73.86
624,country,29.43
625,model,13.71
626,policy,77.12
627,board,40.28
628,wonder,96.12
629,attention,99.91
630,say,68.75
631,sea,96.19
632,candidate,31.32
633,head,10.75
634,again,89.65
635,free,64.1
636,study,59.07
637,west,43.0
638,positive,63.47
639,apply,40.61
640,until,34.14
641,detail,20.39
642,traditional,88.38
643,surface,51.77
644,yard,49.36
645,call,36.11
646,often,77.28
647,say,61.71
648,agree,52.91
649,notice,53.77
650,challenge,18.04
651,experience,42.05
652,party,27.52
653,customer,80.53
654,low,28.12
655,heart,18.5
656,however,56.53
657,exactly,97.87
658,city,41.92
659,rock,18.58
660,back,89.49
661,gun,53.42
662,employee,94.34
663,let,53.73
664,site,89.12
665,recognize,54.3
666,receive,18.73
667,fund,85.24
668,bank,59.59
669,near,59.85
670,real,51.6
671,this,65.13
672,various,98.69
673,hotel,57.76
674,current,26.83
675,attorney,40.14
676,receive,55.99
677,west,82.51
678,full,58.08
679,accept,19.6
680,southern,91.74
681,action,81.66
682,admit,22.76
683,against,30.3
684,practice,39.2
685,would,83.96
686,attorney,95.49
687,after,43.88
688,politics,60.48
689,become,76.33
690,marriage,63.81
691,certain,52.7
692,computer,84.7
693,performance,37.17
694,upon,96.14
695,still,99.04
696,kitchen,14.04
697,large,72.49
698,door,89.76
699,protect,92.82
700,activity,93.02
701,yourself,92.53
702,own,62.03
703,actually,97.19
704,everybody,15.62
705,yourself,89.94
706,suddenly,12.22
707,next,25.69
708,what,69.02
709,art,79.47
710,science,52.73
711,visit,98.16
712,nation,18.16
713,attack,38.24
714,you,87.46
715,method,81.14
716,itself,11.77
717,run,43.42
718,forget,80.2
719,each,38.28
720,including,78.03
721,include,88.08
722,two,62.75
723,risk,70.22
724,turn,12.64
725,leave,51.59
726,painting,10.53
727,skill,57.96
728,language,52.36
729,its,17.43
730,common,66.58
731,ever,27.69
732,spring,56.62
733,relate,27.07
734,behavior,49.76
735,when,82.31
736,store,26.14
737,safe,97.07
738,listen,24.03
739,management,18.47
740,dream,51.81
741,develop,54.84
742,million,94.23
743,activity,37.16
744,first,40.23
745,agreement,80.28
746,value,11.72
747,task,35.41
748,provide,58.47
749,history,39.21
750,challenge,82.89
751,company,83.36
752,teacher,71.54
753,wrong,44.53
754,cup,68.99
755,daughter,29.13
756,people,85.58
757,prepare,79.55
758,product,15.76
759,health,81.55
760,ready,26.26
761,talk,99.46
762,tell,82.89
763,child,72.48
764,group,90.69
765,he,18.45
766,standard,67.75
767,audience,59.52
768,everything,95.2
769,bit,70.1
770,blue,64.21
771,central,54.03
772,onto,13.24
773,identify,15.39
774,let,67.82
775,to,97.33
776,left,22.47
777,point,96.31
778,point,43.42
779,plan,63.21
780,point,67.58
781,economy,26.2
782,lose,25.75
783,ago,22.65
784,prepare,73.28
785,in,57.66
786,exactly,79.51
787,item,81.91
788,world,53.77
789,myself,29.26
790,nor,78.79
791,any,25.34
792,theory,10.51
793,early,12.37
794,list,36.34
795,include,64.47
796,responsibility,98.34
797,white,48.11
798,debate,90.5
799,and,23.75
800,carry,29.18
801,scene,71.17
802,watch,85.09
803,drop,65.09
804,leave,67.64
805,yeah,36.37
806,deep,12.64
807,black,95.1
808,party,16.01
809,all,29.91
810,whether,41.05
811,executive,47.84
812,modern,48.45
813,language,86.47
814,rich,50.29
815,job,79.65
816,thank,90.84
817,bag,88.18
818,discuss,42.08
819,sure,59.5
820,edge,22.72
821,write,90.04
822,only,54.24
823,perform,43.28
824,Democrat,87.21
825,theory,56.35
826,age,52.28
827,others,93.14
828,suffer,91.72
829,throw,97.13
830,should,58.76
831,ground,40.68
832,put,79.57
833,contain,38.06
834,take,79.09
835,knowledge,82.29
836,reduce,64.27
837,food,33.08
838,hold,42.02
839,fear,24.43
840,woman,15.07
841,run,97.18
842,race,34.15
843,shoulder,22.97
844,forget,37.42
845,pretty,13.54
846,piece,35.71
847,trial,83.5
848,leg,77.94
849,book,25.68
850,station,86.06
851,candidate,85.18
852,interesting,31.84
853,eat,40.35
854,standard,44.88
855,even,57.62
856,art,25.34
857,service,55.56
858,suffer,18.64
859,many,93.42
860,too,96.11
861,skill,30.57
862,scene,51.91
863,hard,54.38
864,society,72.5
865,government,76.97
866,call,50.3
867,senior,16.3
868,crime,77.29
869,minute,89.79
870,government,61.82
871,though,38.55
872,worry,88.38
873,as,59.99
874,next,22.56
875,create,68.7
876,little,44.72
877,trip,64.41
878,apply,90.73
879,every,20.28
880,various,92.37
881,project,28.29
882,test,33.27
883,peace,21.41
884,not,86.69
885,fight,81.93
886,foot,19.88
887,maintain,35.03
888,trial,99.4
889,medical,92.16
890,daughter,49.42
891,response,36.77
892,pass,53.93
893,the,71.44
894,dinner,37.66
895,just,81.6
896,town,61.25
897,its,72.88
898,family,92.73
899,base,66.46
900,our,87.89
901,seat,21.03
902,woman,38.4
903,beyond,93.36
904,radio,10.53
905,resource,82.26
906,speak,42.02
907,party,66.54
908,term,62.47
909,federal,90.67
910,military,30.33
911,move,35.92
912,with,96.27
913,gun,75.83
914,remember,41.27
915,those,74.62
916,bank,51.11
917,source,65.64
918,eat,62.16
919,above,34.41
920,church,71.35
921,always,70.89
922,since,14.7
923,painting,53.82
924,three,98.96
925,agency,92.2
926,wide,45.16
927,decision,21.7
928,cold,65.64
929,talk,81.18
930,oil,56.0
931,management,87.54
932,cover,21.76
933,wear,34.72
934,outside,70.1
935,country,95.16
936,piece,58.12
937,foot,87.82
938,Congress,81.58
939,would,24.94
940,any,26.99
941,old,36.02
942,country,20.63
943,accept,74.31
944,coach,96.17
945,fine,27.69
946,whose,11.46
947,foot,34.64
948,wife,65.36
949,why,95.98
950,science,43.06
951,production,76.9
952,answer,81.41
953,sport,30.79
954,reflect,50.68
955,nation,20.41
956,meet,35.46
957,piece,78.03
958,air,14.72
959,next,50.54
960,matter,48.05
961,human,32.84
962,human,57.76
963,recently,31.3
964,break,57.27
965,will,17.93
966,person,27.8
967,player,72.54
968,resource,55.71
969,start,18.55
970,sound,46.55
971,so,30.95
972,pattern,55.08
973,several,86.78
974,food,22.19
975,trip,64.16
976,just,60.73
977,their,34.86
978,agree,74.73
979,someone,79.8
980,as,79.89
981,make,39.29
982,student,12.16
983,effort,89.41
984,outside,61.72
985,produce,10.18
986,response,20.87
987,decide,31.39
988,agree,55.92
989,thousand,92.63
990,occur,76.56
991,build,12.55
992,sell,39.83
993,rate,45.26
994,include,15.17
995,nearly,91.81
996,result,89.77
997,health,35.37
998,main,77.59
999,remember,73.66
1000,continue,86.57
1001,increase,37.71
1002,road,58.84
1003,eat,77.57
1004,north,87.99
1005,for,96.69
1006,north,26.33
1007,site,57.56
1008,good,46.75
1009,check,86.74
1010,relationship,63.77
1011,perhaps,25.14
1012,wall,62.4
1013,professor,57.97
1014,child,21.16
1015,easy,46.28
1016,listen,40.05
1017,power,62.23
1018,strong,74.66
1019,past,88.0
1020,environmental,76.29
1021,clear,56.77
1022,weight,66.03
1023,above,17.4
1024,practice,71.12
1025,different,94.34
1026,yes,84.44
1027,thousand,21.4
1028,entire,31.05
1029,year,23.12
1030,life,66.71
1031,scientist,13.46
1032,money,91.63
1033,will,34.14
1034,movie,58.25
1035,magazine,35.8
1036,assume,16.91
1037,carry,73.68
1038,daughter,89.84
1039,important,27.44
1040,relationship,85.77
1041,current,37.1
1042,market,44.47
1043,civil,28.27
1044,step,90.27
1045,data,13.62
1046,condition,60.82
1047,or,23.08
1048,ok,24.27
1049,sister,20.52
1050,during,88.82
1051,fly,23.06
1052,debate,42.34
1053,allow,18.8
1054,company,75.75
1055,pay,84.56
1056,affect,66.26
1057,affect,53.15
1058,certainly,48.24
1059,individual,41.47
1060,fact,91.89
1061,toward,86.73
1062,contain,91.85
1063,ask,33.18
1064,house,16.45
1065,late,77.02
1066,military,95.44
1067,bar,89.19
1068,daughter,51.81
1069,try,63.29
1070,attorney,26.62
1071,anything,96.64
1072,environment,68.81
1073,up,66.48
1074,benefit,98.75
1075,case,21.07
1076,usually,34.66
1077,indicate,49.28
1078,carry,74.78
1079,chance,20.93
1080,senior,79.63
1081,camera,43.69
1082,yard,65.75
1083,travel,75.82
1084,admit,49.56
1085,son,39.49
1086,institution,50.62
1087,front,29.25
1088,fact,91.07
1089,from,27.56
1090,suggest,88.83
1091,career,13.91
1092,student,41.22
1093,eat,40.76
1094,case,47.84
1095,state,59.83
1096,tax,18.48
1097,outside,92.81
1098,religious,79.13
1099,decade,41.58
1100,film,86.15
1101,kid,53.72
1102,reason,43.13
1103,keep,73.34
1104,big,20.19
1105,store,16.07
1106,fine,77.76
1107,himself,77.2
1108,be,43.09
1109,argue,61.31
1110,hair,72.6
1111,partner,25.58
1112,political,68.56
1113,article,13.22
1114,over,82.25
1115,least,15.65
1116,upon,57.77
1117,growth,98.1
1118,dream,29.22
1119,catch,21.17
1120,administration,51.35
1121,recently,30.81
1122,look,89.32
1123,value,31.8
1124,despite,42.79
1125,local,61.17
1126,standard,34.71
1127,today,44.35
1128,over,68.57
1129,bank,50.03
1130,sit,86.56
1131,thank,96.53
1132,impact,36.62
1133,region,45.5
1134,low,56.21
1135,peace,29.75
1136,collection,83.03
1137,hope,81.36
1138,military,36.42
1139,stuff,63.35
1140,example,18.61
1141,arm,12.22
1142,treat,25.28
1143,section,69.32
1144,land,82.92
1145,let,61.22
1146,amount,89.54
1147,lay,28.07
1148,a,43.79
1149,according,12.02
1150,even,59.04
1151,heavy,56.84
1152,others,56.17
1153,ever,33.6
1154,main,72.76
1155,born,83.42
1156,present,54.14
1157,military,64.75
1158,dog,42.07
1159,late,26.84
1160,computer,16.71
1161,fear,61.02
1162,against,87.22
1163,save,88.34
1164,conference,69.18
1165,board,26.16
1166,list,58.34
1167,almost,19.77
1168,serious,68.47
1169,exist,58.5
1170,interesting,24.98
1171,throughout,33.91
1172,also,79.33
1173,area,95.32
1174,same,94.57
1175,itself,78.44
1176,because,45.84
1177,hour,53.36
1178,middle,28.77
1179,parent,65.56
1180,where,47.9
1181,difference,64.98
1182,should,33.62
1183,training,18.36
1184,three,21.27
1185,build,88.7
1186,fast,87.53
1187,way,15.39
1188,describe,30.13
1189,lawyer,47.13
1190,despite,91.25
1191,since,22.12
1192,guess,69.89
1193,whose,84.17
1194,discuss,69.72
1195,experience,25.15
1196,likely,32.2
1197,across,29.91
1198,increase,50.06
1199,especially,66.27
1200,seem,84.61
1201,book,31.38
1202,certain,53.31
1203,threat,51.88
1204,ago,29.66
1205,north,59.66
1206,style,99.15
1207,result,14.07
1208,bar,13.38
1209,those,62.98
1210,technology,76.87
1211,war,54.15
1212,hard,44.84
1213,price,71.44
1214,several,93.59
1215,arrive,91.77
1216,gas,48.61
1217,amount,13.23
1218,opportunity,41.04
1219,now,23.14
1220,cut,40.53
1221,imagine,82.12
1222,science,48.48
1223,particular,77.85
1224,officer,48.86
1225,north,26.02
1226,success,70.53
1227,law,45.65
1228,against,50.06
1229,mission,33.61
1230,reach,69.05
1231,possible,34.7
1232,still,18.06
1233,individual,29.37
1234,next,38.35
1235,affect,47.07
1236,recent,71.74
1237,agreement,13.44
1238,community,13.99
1239,goal,16.81
1240,west,22.37
1241,possible,72.57
1242,force,99.69
1243,discover,43.96
1244,her,76.46
1245,per,63.42
1246,before,19.03
1247,unit,24.88
1248,as,93.71
1249,behind,16.67
1250,discuss,43.25
1251,concern,33.51
1252,remain,38.18
1253,arm,15.94
1254,north,54.08
1255,go,69.3
1256,reason,48.09
1257,capital,43.42
1258,she,89.21
1259,indicate,97.82
1260,apply,56.11
1261,late,55.03
1262,successful,33.63
1263,scientist,94.74
1264,relationship,14.21
1265,lot,99.87
1266,show,45.56
1267,forget,44.13
1268,dream,22.02
1269,stock,14.85
1270,order,80.63
1271,represent,35.43
1272,blue,30.16
1273,reality,17.08
1274,heavy,21.41
1275,single,23.26
1276,too,70.69
1277,subject,88.21
1278,hard,68.11
1279,turn,20.92
1280,system,78.66
1281,war,96.29
1282,social,88.15
1283,get,59.93
1284,artist,58.91
1285,tell,48.88
1286,deal,67.1
1287,situation,65.8
1288,stop,78.23
1289,defense,50.58
1290,final,66.7
1291,land,22.29
1292,together,77.71
1293,learn,83.9
1294,customer,33.53
1295,interesting,18.22
1296,account,16.8
1297,member,10.01
1298,decision,48.68
1299,hotel,57.85
1300,seek,76.14
1301,role,60.77
1302,various,58.98
1303,network,82.48
1304,ball,86.58
1305,environmental,44.08
1306,although,32.61
1307,hope,92.47
1308,race,46.9
1309,her,94.44
1310,process,11.04
1311,six,70.73
1312,decade,44.67
1313,religious,32.45
1314,from,70.35
1315,education,48.64
1316,worry,13.22
1317,their,84.2
1318,mission,22.11
1319,suggest,72.96
1320,take,12.21
1321,assume,73.2
1322,drop,54.04
1323,start,91.95
1324,two,11.91
1325,strategy,44.71
1326,still,10.44
1327,each,35.11
1328,popular,27.39
1329,century,54.94
1330,subject,10.82
1331,pay,51.65
1332,shoulder,26.55
1333,common,59.53
1334,activity,63.4
1335,total,94.57
1336,medical,74.83
1337,entire,58.91
1338,year,67.97
1339,computer,96.56
1340,film,68.87
1341,push,69.51
1342,walk,61.89
1343,theory,15.57
1344,several,45.7
1345,media,80.24
1346,cause,35.97
1347,myself,78.42
1348,season,69.08
1349,owner,46.49
1350,assume,79.53
1351,single,56.42
1352,idea,23.03
1353,oil,55.65
1354,option,75.68
1355,year,24.74
1356,argue,61.82
1357,authority,88.53
1358,involve,62.25
1359,international,17.02
1360,environmental,39.81
1361,pressure,75.43
1362,economic,96.81
1363,name,74.23
1364,determine,50.38
1365,student,20.09
1366,public,91.04
1367,late,90.78
1368,budget,52.8
1369,throughout,26.56
1370,day,28.43
1371,why,89.97
1372,page,78.28
1373,energy,51.17
1374,small,28.25
1375,break,35.99
1376,pass,81.72
1377,conference,34.76
1378,key,63.51
1379,writer,18.44
1380,significant,10.39
1381,type,85.77
1382,music,77.71
1383,process,64.56
1384,describe,79.6
1385,different,11.72
1386,grow,47.04
1387,at,90.78
1388,street,17.16
1389,figure,83.22
1390,field,84.14
1391,report,94.53
1392,no,85.75
1393,range,57.05
1394,property,48.62
1395,require,78.18
1396,raise,32.49
1397,hour,62.06
1398,around,91.78
1399,produce,33.53
1400,parent,59.01
1401,opportunity,82.6
1402,all,91.53
1403,debate,54.8
1404,buy,63.16
1405,structure,79.02
1406,wait,97.39
1407,notice,41.11
1408,home,70.96
1409,tax,92.14
1410,build,80.16
1411,ability,92.84
1412,light,55.82
1413,trade,69.69
1414,receive,14.84
1415,light,74.28
1416,cell,17.03
1417,kind,94.85
1418,TV,19.06
1419,sound,45.4
1420,program,80.44
1421,music,63.17
1422,each,65.44
1423,sister,21.71
1424,lose,24.65
1425,this,88.23
1426,color,35.78
1427,measure,10.68
1428,deal,74.9
1429,light,52.25
1430,very,36.5
1431,middle,15.13
1432,or,85.85
1433,town,35.6
1434,film,62.11
1435,investment,28.09
1436,event,37.56
1437,himself,80.44
1438,would,48.8
1439,all,65.46
1440,skin,95.48
1441,court,70.31
1442,none,30.47
1443,professional,71.28
1444,control,59.22
1445,white,70.72
1446,almost,10.54
1447,anything,91.29
1448,son,53.77
1449,particular,26.57
1450,type,33.04
1451,physical,29.08
1452,cell,25.86
1453,trouble,87.4
1454,myself,85.11
1455,value,30.37
1456,around,52.3
1457,true,96.17
1458,car,27.53
1459,president,45.34
1460,good,45.67
1461,free,72.37
1462,treatment,91.06
1463,cut,67.04
1464,others,12.74
1465,full,29.72
1466,believe,62.61
1467,right,66.29
1468,wish,12.95
1469,meeting,24.54
1470,follow,67.78
1471,its,96.21
1472,PM,20.09
1473,whose,64.4
1474,west,41.89
1475,occur,65.51
1476,hit,17.4
1477,debate,54.39
1478,respond,17.6
1479,cost,79.03
1480,especially,48.71
1481,part,78.9
1482,reach,55.92
1483,sea,35.09
1484,color,28.13
1485,how,74.56
1486,present,55.5
1487,throughout,34.78
1488,old,34.31
1489,easy,39.54
1490,spring,42.98
1491,authority,38.38
1492,good,66.97
1493,nearly,38.26
1494,accept,93.34
1495,program,26.52
1496,plan,40.99
1497,stop,79.66
1498,across,36.65
1499,yeah,24.69
1500,tax,12.89
1501,including,25.9
1502,clearly,91.57
1503,million,92.55
1504,soon,45.99
1505,person,46.52
1506,investment,63.21
1507,relationship,84.59
1508,class,97.46
1509,half,41.22
1510,foreign,68.21
1511,first,97.65
1512,political,81.3
1513,anything,94.46
1514,seem,99.23
1515,let,31.97
1516,administration,87.7
1517,month,56.07
1518,which,71.76
1519,however,90.72
1520,occur,77.65
1521,from,86.95
1522,environmental,15.85
1523,civil,85.22
1524,most,71.74
1525,field,10.66
1526,reach,85.61
1527,imagine,54.28
1528,picture,62.57
1529,million,31.04
1530,get,80.92
1531,partner,36.27
1532,physical,34.74
1533,wear,14.51
1534,wish,21.18
1535,act,35.16
1536,question,66.2
1537,write,94.89
1538,risk,63.44
1539,green,24.03
1540,much,50.13
1541,small,23.66
1542,size,52.05
1543,long,82.06
1544,role,82.74
1545,reason,31.41
1546,determine,32.9
1547,make,60.15
1548,plan,51.92
1549,reflect,25.72
1550,property,26.45
1551,computer,49.78
1552,ball,51.12
1553,by,66.42
1554,woman,71.2
1555,region,53.71
1556,cost,22.54
1557,dark,19.34
1558,figure,12.52
1559,those,14.43
1560,year,72.54
1561,space,77.18
1562,final,38.04
1563,western,99.38
1564,stage,57.47
1565,suffer,30.07
1566,training,59.79
1567,professional,18.1
1568,part,32.77
1569,fast,83.99
1570,movement,69.31
1571,clearly,65.5
1572,with,76.09
1573,instead,25.23
1574,indicate,77.03
1575,huge,47.54
1576,skill,18.58
1577,leader,37.04
1578,production,85.12
1579,on,48.57
1580,buy,57.92
1581,entire,65.76
1582,person,10.18
1583,standard,94.59
1584,local,75.17
1585,day,13.01
1586,movement,33.35
1587,traditional,46.09
1588,special,39.11
1589,challenge,40.53
1590,top,83.3
1591,care,68.92
1592,country,41.15
1593,structure,18.68
1594,and,70.75
1595,partner,69.83
1596,return,12.25
1597,several,90.07
1598,lawyer,16.37
1599,take,40.89
1600,past,93.59
1601,executive,89.4
1602,appear,79.0
1603,second,50.34
1604,hold,60.13
1605,the,49.55
1606,inside,83.62
1607,great,35.36
1608,right,67.8
1609,fund,44.44
1610,concern,32.63
1611,site,46.38
1612,something,27.78
1613,seven,59.27
1614,assume,92.25
1615,yeah,82.23
1616,guess,54.83
1617,yard,21.57
1618,page,25.29
1619,worker,99.64
1620,offer,27.13
1621,this,25.51
1622,billion,10.57
1623,over,30.07
1624,wide,68.04
1625,imagine,85.52
1626,let,86.58
1627,nice,56.26
1628,bed,17.19
1629,visit,73.84
1630,myself,44.23
1631,matter,74.61
1632,around,62.94
1633,hot,15.04
1634,keep,71.63
1635,goal,57.86
1636,than,97.85
1637,machine,61.11
1638,laugh,67.48
1639,today,11.56
1640,size,82.71
1641,read,82.64
1642,some,59.28
1643,rate,27.85
1644,couple,64.01
1645,now,39.38
1646,fly,24.69
1647,capital,44.83
1648,trouble,94.36
1649,mention,16.0
1650,reveal,49.93
1651,cell,97.45
1652,relate,80.52
1653,cell,28.63
1654,not,81.1
1655,executive,98.21
1656,some,63.92
1657,strong,27.6
1658,practice,92.24
1659,risk,14.36
1660,a,46.88
1661,step,46.32
1662,involve,64.22
1663,find,93.78
1664,any,63.29
1665,better,60.41
1666,set,13.83
1667,name,31.9
1668,still,75.39
1669,plan,19.09
1670,president,35.11
1671,carry,63.69
1672,bill,37.98
1673,later,78.77
1674,campaign,25.89
1675,call,31.64
1676,money,83.29
1677,whole,46.83
1678,people,78.96
1679,boy,97.59
1680,model,16.38
1681,local,48.16
1682,determine,10.48
1683,add,80.21
1684,never,34.77
1685,production,52.27
1686,industry,73.95
1687,every,79.51
1688,fast,23.36
1689,similar,90.83
1690,cold,94.98
1691,body,61.41
1692,religious,86.29
1693,grow,85.37
1694,building,77.96
1695,hour,43.56
1696,since,81.94
1697,certain,40.89
1698,practice,18.38
1699,scientist,71.89
1700,magazine,39.92
1701,whose,62.24
1702,hand,17.99
1703,few,84.83
1704,this,51.42
1705,listen,86.95
1706,cost,57.16
1707,only,65.21
1708,between,54.97
1709,top,86.21
1710,thus,62.0
1711,find,96.02
1712,environmental,26.47
1713,alone,45.59
1714,later,79.86
1715,carry,54.59
1716,maintain,52.47
1717,upon,76.58
1718,edge,52.46
1719,front,29.53
1720,task,49.18
1721,late,56.97
1722,sure,46.44
1723,audience,40.13
1724,remain,97.08
1725,another,97.23
1726,way,97.53
1727,detail,79.22
1728,imagine,73.61
1729,value,48.25
1730,field,42.4
1731,huge,10.79
1732,three,31.75
1733,really,49.43
1734,property,38.77
1735,inside,76.35
1736,third,45.24
1737,material,99.09
1738,sign,38.89
1739,quickly,28.53
1740,get,38.12
1741,day,69.08
1742,least,41.36
1743,event,37.2
1744,join,52.72
1745,particularly,81.57
1746,fire,19.92
1747,away,41.9
1748,property,19.28
1749,such,27.67
1750,president,54.51
1751,piece,63.58
1752,woman,69.71
1753,guess,61.18
1754,church,98.51
1755,near,44.46
1756,similar,56.18
1757,compare,50.69
1758,nice,47.67
1759,commercial,90.45
1760,any,87.81
1761,miss,92.7
1762,few,58.47
1763,line,61.12
1764,wear,68.53
1765,leader,14.12
1766,environment,68.52
1767,trade,34.92
1768,hard,37.47
1769,scene,62.1
1770,candidate,88.4
1771,carry,59.39
1772,far,57.62
1773,eye,77.4
1774,really,76.38
1775,exactly,28.85
1776,sea,28.33
1777,consider,20.8
1778,take,27.55
1779,institution,34.92
1780,reflect,11.13
1781,window,82.1
1782,cell,20.39
1783,possible,89.98
1784,line,43.2
1785,hotel,28.47
1786,music,32.65
1787,against,67.65
1788,civil,28.06
1789,dinner,43.78
1790,figure,21.03
1791,important,50.41
1792,smile,77.87
1793,lose,96.16
1794,idea,64.09
1795,nation,49.29
1796,catch,26.69
1797,morning,12.1
1798,long,74.03
1799,factor,73.03
1800,detail,94.92
1801,view,54.86
1802,early,72.71
1803,force,34.41
1804,form,55.51
1805,purpose,53.28
1806,product,47.17
1807,seek,80.01
1808,professional,62.88
1809,pay,91.73
1810,rather,24.08
1811,whole,92.15
1812,charge,33.53
1813,assume,52.43
1814,measure,33.03
1815,course,51.96
1816,exactly,47.93
1817,it,28.8
1818,over,89.25
1819,role,75.4
1820,community,93.49
1821,between,68.07
1822,majority,82.29
1823,parent,64.75
1824,risk,94.52
1825,training,14.03
1826,hot,72.77
1827,big,83.88
1828,can,17.9
1829,source,47.58
1830,run,54.97
1831,bed,10.37
1832,him,31.78
1833,exist,75.71
1834,probably,79.4
1835,crime,79.95
1836,work,76.78
1837,south,18.13
1838,involve,62.93
1839,attack,88.57
1840,do,64.38
1841,off,23.82
1842,check,81.92
1843,common,42.79
1844,right,49.14
1845,table,49.08
1846,choose,46.08
1847,nature,65.39
1848,customer,81.5
1849,bar,58.89
1850,scene,25.14
1851,memory,18.24
1852,exist,49.68
1853,best,30.31
1854,total,37.39
1855,prepare,16.23
1856,allow,70.45
1857,line,69.34
1858,foreign,84.08
1859,later,86.33
1860,so,37.15
1861,later,90.27
1862,born,70.21
1863,happy,87.83
1864,mission,95.42
1865,population,24.16
1866,point,12.38
1867,wrong,82.05
1868,bit,72.2
1869,cover,24.55
1870,upon,51.87
1871,indeed,40.74
1872,reach,50.46
1873,pay,94.17
1874,view,74.28
1875,not,49.28
1876,capital,71.74
1877,since,71.07
1878,a,53.73
1879,floor,16.67
1880,simple,92.02
1881,gas,58.78
1882,commercial,64.7
1883,fine,68.44
1884,approach,88.73
1885,age,65.89
1886,enjoy,48.41
1887,want,66.73
1888,listen,76.03
1889,guy,51.04
1890,would,69.02
1891,magazine,96.94
1892,explain,50.29
1893,fall,41.07
1894,trip,55.11
1895,and,29.22
1896,her,98.97
1897,remember,57.19
1898,economy,44.97
1899,writer,64.54
1900,great,29.5
1901,power,69.01
1902,drive,75.32
1903,important,10.86
1904,pull,43.13
1905,writer,58.16
1906,career,32.66
1907,certainly,84.95
1908,condition,19.65
1909,cell,43.21
1910,region,53.38
1911,protect,85.62
1912,professor,56.53
1913,watch,60.46
1914,there,27.46
1915,each,67.16
1916,question,55.99
1917,some,52.94
1918,respond,37.09
1919,believe,91.99
1920,about,98.91
1921,natural,27.91
1922,board,86.84
1923,fly,71.12
1924,science,79.53
1925,past,33.54
1926,subject,60.12
1927,trip,77.98
1928,list,63.92
1929,financial,52.91
1930,garden,82.9
1931,with,55.92
1932,crime,43.38
1933,serious,17.13
1934,cell,37.29
1935,administration,52.74
1936,exist,48.49
1937,offer,16.35
1938,itself,97.41
1939,miss,94.96
1940,dog,67.15
1941,ago,99.46
1942,lose,59.59
1943,establish,63.18
1944,election,78.56
1945,how,34.98
1946,until,55.52
1947,close,67.9
1948,ok,12.6
1949,affect,37.68
1950,scientist,67.26
1951,question,60.76
1952,kind,73.6
1953,per,21.35
1954,local,62.51
1955,teach,18.03
1956,when,64.42
1957,style,34.07
1958,arm,38.18
1959,pattern,76.49
1960,political,19.82
1961,professor,52.92
1962,arrive,35.63
1963,front,72.47
1964,happen,48.53
1965,red,14.55
1966,reach,13.23
1967,tend,70.92
1968,action,18.94
1969,international,24.62
1970,relationship,89.85
1971,better,16.2
1972,require,65.69
1973,protect,27.94
1974,him,68.32
1975,guess,64.84
1976,mission,54.6
1977,administration,20.7
1978,public,25.2
1979,believe,34.89
1980,white,48.87
1981,success,72.43
1982,floor,96.01
1983,sure,61.71
1984,specific,70.44
1985,eye,80.87
1986,fear,60.22
1987,now,43.14
1988,set,30.55
1989,left,68.89
1990,prove,55.47
1991,develop,43.61
1992,effect,99.22
1993,wish,33.62
1994,manager,94.81
1995,experience,46.03
1996,project,36.11
1997,conference,55.1
1998,method,94.57
1999,operation,94.26
2000,left,58.68
2001,miss,74.7
2002,people,81.65
2003,might,40.34
2004,film,44.85
2005,they,45.3
2006,person,89.02
2007,laugh,68.13
2008,school,69.59
2009,size,98.23
2010,Democrat,67.82
2011,time,82.85
2012,car,12.21
2013,above,42.46
2014,sit,18.09
2015,cell,16.59
2016,course,82.44
2017,message,31.2
2018,safe,93.55
2019,would,41.97
2020,line,87.83
2021,politics,11.43
2022,skin,20.22
2023,employee,45.95
2024,score,90.32
2025,meet,50.95
2026,fight,75.14
2027,knowledge,95.5
2028,newspaper,59.64
2029,item,56.2
2030,culture,60.43
2031,country,16.3
2032,political,71.19
2033,source,21.2
2034,church,53.55
2035,hot,28.72
2036,kid,93.11
2037,over,20.11
2038,build,11.54
2039,else,29.48
2040,simple,97.23
2041,education,20.7
2042,start,77.23
2043,five,12.63
2044,join,23.43
2045,floor,52.06
2046,outside,66.78
2047,agreement,66.32
2048,perhaps,64.25
2049,talk,63.26
2050,heavy,68.59
2051,decade,36.38
2052,chair,63.98
2053,the,14.43
2054,cost,76.3
2055,only,49.84
2056,threat,38.2
2057,central,77.93
2058,sometimes,33.55
2059,but,49.7
2060,a,54.12
2061,nature,90.98
2062,difference,91.66
2063,film,91.84
2064,buy,85.81
2065,democratic,79.11
2066,call,64.42
2067,risk,60.2
2068,stay,53.04
2069,shake,57.59
2070,quality,45.18
2071,successful,16.36
2072,per,15.85
2073,expect,58.15
2074,century,35.21
2075,information,44.77
2076,authority,98.53
2077,couple,83.56
2078,start,19.95
2079,message,48.22
2080,season,31.31
2081,hope,89.28
2082,wall,46.13
2083,Mrs,91.37
2084,water,72.23
2085,better,24.18
2086,party,11.61
2087,with,58.42
2088,part,83.61
2089,middle,46.55
2090,support,59.1
2091,cost,31.37
2092,ready,43.44
2093,hotel,19.98
2094,lot,34.46
2095,special,28.87
2096,before,55.21
2097,involve,38.91
2098,company,37.58
2099,than,28.71
2100,although,17.84
2101,less,19.46
2102,condition,60.99
2103,onto,85.03
2104,father,24.4
2105,well,32.03
2106,push,78.89
2107,beautiful,83.28
2108,check,95.04
2109,his,37.58
2110,choice,34.94
2111,person,18.13
2112,ten,63.31
2113,office,42.94
2114,front,15.83
2115,miss,61.47
2116,attention,71.27
2117,control,32.84
2118,speech,60.71
2119,food,87.83
2120,certainly,40.8
2121,soldier,68.92
2122,everybody,39.13
2123,travel,43.53
2124,both,16.64
2125,but,97.12
2126,rest,94.83
2127,bring,42.59
2128,you,13.14
2129,community,44.36
2130,staff,48.86
2131,determine,35.68
2132,just,90.52
2133,keep,29.36
2134,court,98.64
2135,family,14.61
2136,remain,62.5
2137,single,76.91
2138,might,73.69
2139,recently,74.38
2140,cause,48.37
2141,ten,63.57
2142,really,51.89
2143,sell,75.2
2144,laugh,22.42
2145,record,33.59
2146,social,60.38
2147,later,66.24
2148,staff,90.31
2149,hair,10.15
2150,political,86.7
2151,business,72.25
2152,state,27.85
2153,some,42.51
2154,party,33.19
2155,traditional,41.15
2156,city,62.81
2157,want,39.49
2158,capital,84.76
2159,sister,93.88
2160,enjoy,52.08
2161,near,85.21
2162,where,28.57
2163,need,52.63
2164,these,32.44
2165,able,46.81
2166,happy,79.09
2167,bar,82.18
2168,customer,58.91
2169,worry,97.51
2170,gas,45.09
2171,special,42.63
2172,me,35.76
2173,return,80.14
2174,may,96.19
2175,beyond,14.41
2176,call,16.4
2177,future,46.81
2178,relate,70.84
2179,hotel,81.7
2180,gun,16.52
2181,view,59.94
2182,wonder,13.48
2183,theory,90.83
2184,away,28.08
2185,light,31.39
2186,such,71.77
2187,part,96.01
2188,decision,85.22
2189,return,66.99
2190,space,40.12
2191,store,12.04
2192,per,91.31
2193,charge,77.56
2194,onto,33.62
2195,cup,81.58
2196,human,25.49
2197,few,52.6
2198,travel,71.75
2199,ahead,89.4
2200,soon,41.01
2201,citizen,40.25
2202,live,26.18
2203,close,93.7
2204,five,97.13
2205,this,72.64
2206,usually,41.04
2207,bag,29.25
2208,few,61.36
2209,book,57.56
2210,evening,70.41
2211,young,88.11
2212,color,44.2
2213,staff,18.0
2214,everybody,57.79
2215,my,21.54
2216,around,66.07
2217,common,35.02
2218,open,26.67
2219,base,95.47
2220,wear,95.73
2221,concern,37.44
2222,sometimes,16.77
2223,government,24.18
2224,involve,99.8
2225,agree,19.43
2226,rate,47.35
2227,issue,88.22
2228,realize,88.3
2229,whom,43.83
2230,card,85.87
2231,gas,21.05
2232,scientist,54.35
2233,conference,35.79
2234,from,61.08
2235,drive,90.75
2236,report,63.69
2237,care,91.34
2238,bank,80.18
2239,weight,25.12
2240,anyone,61.71
2241,try,27.31
2242,ok,84.32
2243,expert,52.93
2244,develop,50.88
2245,explain,96.26
2246,seek,67.28
2247,treat,33.97
2248,hot,75.17
2249,computer,46.81
2250,forward,84.2
2251,different,37.52
2252,water,77.31
2253,support,55.02
2254,find,32.22
2255,leg,33.57
2256,true,28.25
2257,his,29.5
2258,fear,72.28
2259,health,96.85
2260,table,32.96
2261,purpose,17.49
2262,mouth,50.21
2263,wait,34.3
2264,stay,69.12
2265,exist,40.82
2266,throw,42.62
2267,know,84.28
2268,save,27.96
2269,student,32.93
2270,although,30.59
2271,stuff,36.52
2272,beautiful,55.53
2273,everything,23.44
2274,national,10.98
2275,often,57.04
2276,consumer,80.04
2277,doctor,89.77
2278,none,29.17
2279,like,62.06
2280,behavior,94.68
2281,president,29.32
2282,either,32.66
2283,discover,16.79
2284,arm,54.94
2285,successful,50.72
2286,military,70.39
2287,beyond,82.08
2288,between,87.18
2289,player,70.7
2290,according,62.61
2291,figure,94.16
2292,investment,23.57
2293,painting,30.31
2294,away,22.42
2295,make,17.54
2296,everybody,45.68
2297,pass,10.96
2298,employee,65.05
2299,light,34.49
2300,production,81.85
2301,item,62.86
2302,fast,61.85
2303,none,33.66
2304,my,14.31
2305,blue,38.64
2306,moment,86.95
2307,tax,29.66
2308,hold,87.18
2309,home,29.27
2310,learn,70.07
2311,fish,41.17
2312,institution,17.54
2313,go,99.73
2314,study,35.61
2315,indicate,82.02
2316,method,94.97
2317,answer,64.06
2318,care,25.17
2319,whole,47.84
2320,meet,86.91
2321,identify,42.67
2322,maybe,41.7
2323,his,72.91
2324,process,37.03
2325,stay,95.28
2326,ahead,96.48
2327,art,99.53
2328,give,72.75
2329,quickly,70.06
2330,else,46.86
2331,nation,79.47
2332,policy,19.68
2333,myself,82.86
2334,financial,83.95
2335,current,13.58
2336,employee,12.68
2337,mean,88.18
2338,kind,68.78
2339,former,47.63
2340,ask,61.27
2341,image,64.69
2342,similar,52.0
2343,the,27.38
2344,control,92.27
2345,follow,56.16
2346,success,26.17
2347,along,17.39
2348,where,63.27
2349,smile,25.46
2350,dog,81.41
2351,maybe,87.0
2352,on,74.01
2353,sure,15.57
2354,peace,91.81
2355,nearly,20.91
2356,former,14.68
2357,yeah,22.74
2358,class,77.86
2359,give,49.89
2360,light,40.13
2361,day,74.42
2362,us,20.28
2363,second,62.15
2364,better,44.41
2365,feeling,24.75
2366,forward,16.31
2367,piece,63.6
2368,outside,51.65
2369,including,10.11
2370,that,20.72
2371,might,62.63
2372,nature,38.58
2373,city,16.62
2374,through,48.57
2375,without,73.15
2376,although,26.12
2377,happy,99.86
2378,minute,85.23
2379,summer,87.24
2380,yes,22.78
2381,project,50.22
2382,consumer,39.35
2383,star,90.15
2384,billion,33.6
2385,few,89.55
2386,goal,96.32
2387,foreign,36.09
2388,tend,74.04
2389,finish,20.93
2390,could,75.74
2391,bill,58.16
2392,affect,44.12
2393,score,77.14
2394,such,40.79
2395,receive,76.14
2396,in,26.52
2397,month,11.84
2398,whatever,39.07
2399,season,34.23
2400,memory,71.89
2401,evidence,43.27
2402,certainly,22.11
2403,ask,57.91
2404,explain,38.62
2405,again,75.67
2406,true,32.14
2407,free,62.96
2408,city,86.85
2409,provide,81.91
2410,red,91.06
2411,base,71.91
2412,try,86.61
2413,own,79.04
2414,trial,18.33
2415,population,61.23
2416,energy,50.84
2417,standard,22.93
2418,couple,46.11
2419,lawyer,92.67
2420,lay,23.47
2421,green,88.61
2422,day,29.1
2423,increase,51.67
2424,idea,84.24
2425,cause,96.4
2426,stage,36.51
2427,church,94.52
2428,stage,45.24
2429,in,24.04
2430,international,53.15
2431,life,10.52
2432,task,56.23
2433,all,40.07
2434,former,33.46
2435,movement,53.73
2436,suffer,88.32
2437,one,52.89
2438,including,29.49
2439,start,43.46
2440,stuff,10.47
2441,enjoy,46.01
2442,network,46.29
2443,this,40.62
2444,board,42.31
2445,parent,43.37
2446,near,69.07
2447,practice,50.57
2448,make,28.72
2449,by,23.46
2450,attorney,62.14
2451,order,45.37
2452,before,80.03
2453,explain,17.94
2454,score,27.98
2455,effort,10.34
2456,first,67.02
2457,senior,17.75
2458,save,42.57
2459,identify,21.7
2460,soldier,25.24
2461,despite,74.0
2462,mouth,51.88
2463,focus,30.38
2464,whom,65.07
2465,ability,83.48
2466,these,91.2
2467,stop,66.6
2468,author,33.71
2469,ok,92.5
2470,statement,80.43
2471,particularly,68.14
2472,let,33.4
2473,task,17.67
2474,event,11.86
2475,first,59.39
2476,first,57.53
2477,organization,23.37
2478,involve,72.3
2479,bring,28.36
2480,ready,18.84
2481,suggest,83.48
2482,event,83.18
2483,since,73.51
2484,point,67.45
2485,after,75.88
2486,somebody,83.57
2487,argue,27.83
2488,hotel,93.54
2489,all,79.63
2490,election,53.88
2491,certain,16.39
2492,possible,99.4
2493,almost,20.89
2494,size,30.59
2495,amount,70.07
2496,return,70.9
2497,send,38.34
2498,trial,45.02
2499,himself,12.53
2500,easy,36.8
2501,long,69.51
2502,close,80.96
2503,executive,69.45
2504,career,79.96
2505,himself,40.87
2506,first,43.04
2507,natural,88.71
2508,me,43.82
2509,light,67.33
2510,rather,55.16
2511,positive,44.75
2512,product,17.35
2513,since,13.73
2514,turn,54.59
2515,dog,45.78
2516,inside,38.63
2517,end,49.77
2518,bag,54.5
2519,go,15.86
2520,couple,69.77
2521,call,22.18
2522,lawyer,64.2
2523,edge,24.54
2524,organization,82.55
2525,TV,48.41
2526,drive,35.83
2527,image,70.84
2528,mind,10.7
2529,address,62.37
2530,but,64.13
2531,decision,45.69
2532,away,90.19
2533,art,97.82
2534,really,29.21
2535,thought,90.23
2536,above,81.69
2537,win,68.45
2538,world,91.65
2539,cover,60.32
2540,like,85.85
2541,blue,93.28
2542,tree,44.54
2543,see,94.23
2544,miss,30.46
2545,office,53.04
2546,pretty,98.73
2547,practice,96.04
2548,pay,48.77
2549,do,68.56
2550,music,85.94
2551,page,14.81
2552,station,46.34
2553,others,98.91
2554,successful,76.2
2555,house,11.83
2556,standard,79.5
2557,different,50.98
2558,run,55.81
2559,him,69.31
2560,rich,82.65
2561,much,73.96
2562,probably,14.74
2563,body,68.24
2564,lay,91.31
2565,similar,50.37
2566,learn,59.72
2567,risk,80.72
2568,beat,64.65
2569,impact,93.07
2570,environmental,91.84
2571,player,89.8
2572,know,11.25
2573,evidence,35.35
2574,positive,30.52
2575,weight,53.96
2576,democratic,26.45
2577,everyone,28.48
2578,money,28.04
2579,relationship,61.93
2580,every,17.65
2581,green,98.71
2582,health,41.76
2583,southern,61.38
2584,act,32.96
2585,however,36.71
2586,future,93.83
2587,imagine,36.88
2588,forget,86.17
2589,their,62.38
2590,result,87.59
2591,former,65.79
2592,source,42.48
2593,surface,80.91
2594,husband,56.5
2595,later,83.56
2596,they,71.01
2597,specific,12.76
2598,visit,78.45
2599,field,37.96
2600,Congress,79.34
2601,much,79.33
2602,reason,35.84
2603,skill,31.29
2604,number,20.04
2605,stuff,81.93
2606,structure,41.02
2607,hotel,45.08
2608,maybe,93.79
2609,cover,20.61
2610,son,34.38
2611,show,13.99
2612,religious,50.85
2613,cover,99.32
2614,fire,61.44
2615,hour,79.08
2616,require,46.86
2617,spend,19.43
2618,require,40.14
2619,series,95.66
2620,imagine,14.6
2621,degree,72.89
2622,use,38.4
2623,movement,32.26
2624,them,56.29
2625,owner,11.82
2626,short,24.35
2627,smile,92.71
2628,skin,29.44
2629,everything,55.97
2630,central,84.51
2631,sound,82.13
2632,institution,16.92
2633,story,29.88
2634,growth,62.7
2635,represent,30.55
2636,serious,62.2
2637,rest,57.18
2638,hope,73.57
2639,tough,46.98
2640,force,97.17
2641,forward,78.31
2642,build,23.05
2643,list,18.26
2644,decide,39.36
2645,manager,83.0
2646,concern,47.16
2647,begin,30.89
2648,seven,72.51
2649,offer,61.95
2650,owner,97.94
2651,military,75.29
2652,white,28.61
2653,others,54.43
2654,view,18.56
2655,item,23.76
2656,paper,35.39
2657,build,31.62
2658,with,14.03
2659,agreement,31.53
2660,share,84.32
2661,billion,62.33
2662,front,90.18
2663,man,39.19
2664,agree,58.54
2665,PM,67.95
2666,night,23.44
2667,while,96.24
2668,occur,93.17
2669,music,95.48
2670,baby,70.73
2671,born,57.23
2672,walk,55.04
2673,office,18.78
2674,matter,69.5
2675,mission,95.46
2676,deep,96.59
2677,great,99.14
2678,according,90.43
2679,evening,61.84
2680,minute,55.46
2681,expect,97.11
2682,what,54.55
2683,within,76.24
2684,one,78.93
2685,down,42.5
2686,deal,84.44
2687,everything,20.92
2688,TV,62.96
2689,place,42.89
2690,very,84.53
2691,life,43.25
2692,model,86.36
2693,charge,18.48
2694,two,39.54
2695,point,48.34
2696,final,70.49
2697,board,60.45
2698,face,12.71
2699,move,40.72
2700,clearly,15.97
2701,pay,77.82
2702,property,34.15
2703,option,28.6
2704,avoid,70.44
2705,onto,87.2
2706,country,84.94
2707,country,52.49
2708,record,23.78
2709,one,25.58
2710,discover,33.57
2711,black,44.32
2712,I,91.52
2713,security,28.77
2714,single,50.4
2715,tax,20.78
2716,only,45.17
2717,activity,31.07
2718,leg,55.6
2719,try,12.83
2720,late,54.51
2721,run,42.67
2722,well,33.19
2723,state,91.44
2724,walk,29.59
2725,wind,68.65
2726,player,12.95
2727,south,21.46
2728,man,33.21
2729,blood,45.43
2730,company,80.18
2731,threat,69.86
2732,policy,38.63
2733,cost,81.97
2734,apply,97.76
2735,take,93.9
2736,travel,65.33
2737,community,38.77
2738,brother,38.9
2739,job,13.82
2740,approach,67.09
2741,fast,15.77
2742,behind,61.61
2743,because,79.2
2744,send,72.31
2745,Democrat,91.53
2746,together,37.8
2747,speech,80.63
2748,bank,72.53
2749,structure,93.17
2750,price,55.19
2751,under,92.49
2752,song,96.07
2753,share,89.79
2754,important,67.2
2755,tough,68.89
2756,option,45.91
2757,sea,29.68
2758,parent,62.61
2759,past,32.38
2760,act,20.62
2761,add,97.59
2762,head,53.97
2763,land,70.42
2764,cost,54.82
2765,spend,77.62
2766,wish,70.15
2767,large,29.56
2768,tree,22.97
2769,relate,94.59
2770,what,73.55
2771,late,45.58
2772,indicate,61.02
2773,cup,43.37
2774,type,36.1
2775,staff,99.02
2776,action,80.38
2777,word,38.78
2778,me,76.71
2779,environment,34.47
2780,knowledge,95.01
2781,discover,62.15
2782,third,20.14
2783,major,35.76
2784,five,47.65
2785,create,87.05
2786,more,99.18
2787,understand,75.69
2788,very,99.13
2789,drug,46.86
2790,high,41.32
2791,anything,24.15
2792,later,69.1
2793,buy,73.7
2794,wonder,50.38
2795,reflect,70.64
2796,want,40.22
2797,low,98.24
2798,could,47.02
2799,mother,11.81
2800,expect,81.87
2801,him,28.1
2802,garden,53.38
2803,animal,84.12
2804,ten,36.88
2805,contain,57.76
2806,might,46.9
2807,black,26.53
2808,information,29.6
2809,approach,62.68
2810,box,90.37
2811,few,94.69
2812,other,97.28
2813,understand,46.91
2814,world,67.14
2815,easy,11.77
2816,impact,74.36
2817,rest,61.15
2818,left,69.65
2819,go,52.1
2820,reveal,61.83
2821,act,60.97
2822,wind,58.42
2823,bank,62.73
2824,strategy,15.25
2825,consumer,39.07
2826,nothing,16.12
2827,answer,53.93
2828,rest,85.34
2829,save,81.39
2830,not,23.06
2831,exactly,37.34
2832,character,50.34
2833,particular,53.82
2834,account,81.62
2835,investment,87.92
2836,behavior,38.34
2837,room,96.52
2838,reason,17.28
2839,drug,93.73
2840,recent,87.74
2841,anyone,62.2
2842,space,93.93
2843,agree,41.47
2844,affect,49.31
2845,south,29.46
2846,any,36.9
2847,other,21.14
2848,watch,27.5
2849,dog,35.89
2850,firm,96.67
2851,there,43.93
2852,international,42.97
2853,exist,13.99
2854,value,22.59
2855,once,24.73
2856,into,76.73
2857,painting,46.35
2858,buy,36.05
2859,few,88.38
2860,easy,56.9
2861,social,83.58
2862,food,92.62
2863,sell,66.32
2864,grow,95.18
2865,want,72.93
2866,read,73.12
2867,write,94.78
2868,bad,85.93
2869,reach,46.01
2870,accept,93.66
2871,strategy,26.13
2872,job,14.43
2873,pressure,29.76
2874,close,92.28
2875,remember,93.1
2876,kind,49.86
2877,level,65.15
2878,necessary,48.53
2879,manage,85.17
2880,drug,32.36
2881,include,45.01
2882,factor,63.62
2883,way,76.17
2884,option,48.47
2885,across,60.2
2886,clear,20.67
2887,fund,77.57
2888,research,83.64
2889,range,61.48
2890,free,31.12
2891,green,76.64
2892,claim,48.46
2893,debate,27.81
2894,economy,42.72
2895,activity,18.15
2896,or,18.02
2897,his,76.35
2898,he,15.2
2899,effort,86.35
2900,news,81.39
2901,and,39.7
2902,TV,43.68
2903,eye,65.15
2904,civil,74.57
2905,such,75.65
2906,describe,21.41
2907,talk,12.94
2908,sense,50.81
2909,production,20.2
2910,year,91.06
2911,difference,33.64
2912,if,44.35
2913,seek,93.5
2914,first,68.65
2915,spend,10.56
2916,nearly,49.46
2917,finally,70.26
2918,fight,91.05
2919,worry,17.41
2920,set,91.59
2921,so,10.67
2922,skin,49.06
2923,exist,41.34
2924,development,92.69
2925,other,67.25
2926,agreement,53.24
2927,possible,50.42
2928,along,64.97
2929,forward,15.66
2930,little,20.88
2931,successful,54.05
2932,training,78.47
2933,see,56.1
2934,country,61.68
2935,always,28.22
2936,coach,43.32
2937,billion,77.55
2938,just,24.53
2939,defense,77.16
2940,perhaps,84.45
2941,could,62.15
2942,government,60.3
2943,like,25.59
2944,act,38.99
2945,ok,84.75
2946,building,69.89
2947,key,43.21
2948,necessary,24.56
2949,coach,83.92
2950,though,37.66
2951,food,46.27
2952,evidence,61.26
2953,bill,84.58
2954,somebody,44.79
2955,not,52.74
2956,current,56.6
2957,listen,20.18
2958,month,66.45
2959,else,23.07
2960,get,17.26
2961,sea,70.82
2962,since,16.51
2963,policy,11.02
2964,do,84.66
2965,watch,67.85
2966,support,20.22
2967,indicate,87.7
2968,true,67.72
2969,cold,36.69
2970,stand,11.45
2971,happy,64.99
2972,throw,36.28
2973,free,15.35
2974,here,56.38
2975,writer,57.78
2976,itself,37.89
2977,member,23.21
2978,current,82.27
2979,into,37.84
2980,else,56.6
2981,across,85.84
2982,bad,50.11
2983,bag,98.36
2984,recently,76.61
2985,debate,47.65
2986,event,89.01
2987,popular,64.64
2988,sing,56.34
2989,lay,25.54
2990,green,66.35
2991,field,84.13
2992,all,40.89
2993,he,61.74
2994,place,11.77
2995,explain,88.25
2996,size,88.49
2997,collection,32.8
2998,side,24.5
2999,matter,41.84
3000,sure,16.0
3001,on,35.95
3002,find,43.94
3003,nor,61.48
3004,fly,54.5
3005,or,37.6
3006,heavy,39.72
3007,man,97.2
3008,analysis,66.7
3009,same,91.47
3010,friend,85.3
3011,tell,20.44
3012,behind,40.13
3013,there,51.19
3014,help,55.53
3015,people,96.88
3016,investment,60.2
3017,view,98.33
3018,realize,23.17
3019,sing,60.16
3020,necessary,13.85
3021,plan,31.97
3022,entire,18.23
3023,old,22.18
3024,should,49.51
3025,make,42.28
3026,four,27.9
3027,walk,12.14
3028,very,35.78
3029,perhaps,25.54
3030,lot,81.34
3031,white,84.41
3032,seek,12.62
3033,line,23.56
3034,happen,99.37
3035,newspaper,69.25
3036,price,64.51
3037,left,82.87
3038,instead,15.48
3039,attack,13.38
3040,coach,23.43
3041,notice,33.98
3042,rather,58.22
3043,as,70.9
3044,indicate,33.44
3045,type,59.6
3046,set,74.33
3047,some,62.63
3048,go,75.74
3049,century,68.32
3050,opportunity,41.45
3051,record,28.59
3052,pull,58.62
3053,find,95.28
3054,national,12.43
3055,write,33.03
3056,protect,67.75
3057,never,86.72
3058,such,21.4
3059,performance,31.88
3060,third,99.59
3061,person,24.13
3062,scientist,37.53
3063,leave,54.97
3064,name,71.08
3065,per,22.49
3066,edge,96.16
3067,concern,20.85
3068,wind,43.91
3069,politics,80.04
3070,reduce,74.81
3071,thus,92.1
3072,never,12.78
3073,morning,68.13
3074,happy,36.01
3075,buy,22.49
3076,including,21.69
3077,agree,57.76
3078,finish,80.34
3079,special,79.0
3080,between,48.65
3081,while,32.11
3082,discuss,19.17
3083,short,96.11
3084,mention,79.73
3085,music,10.21
3086,activity,84.22
3087,dream,20.79
3088,well,82.8
3089,off,88.47
3090,listen,85.03
3091,quite,64.03
3092,economic,19.73
3093,security,81.93
3094,follow,56.01
3095,nothing,56.97
3096,example,82.55
3097,threat,18.73
3098,dog,13.65
3099,light,11.24
3100,reflect,16.33
3101,current,51.06
3102,born,99.31
3103,consumer,26.73
3104,church,33.74
3105,popular,46.59
3106,same,13.89
3107,natural,53.35
3108,goal,17.13
3109,product,84.7
3110,many,15.6
3111,outside,73.34
3112,process,12.06
3113,low,11.93
3114,month,34.24
3115,husband,19.0
3116,within,74.93
3117,unit,88.51
3118,believe,39.02
3119,others,14.96
3120,cause,74.52
3121,federal,18.39
3122,day,42.59
3123,language,26.96
3124,page,12.14
3125,page,81.51
3126,bit,60.99
3127,end,95.32
3128,check,50.15
3129,both,25.35
3130,hospital,30.36
3131,person,41.82
3132,industry,34.82
3133,own,90.36
3134,produce,39.12
3135,create,44.58
3136,movie,95.89
3137,national,82.45
3138,leader,80.96
3139,avoid,74.33
3140,star,70.06
3141,culture,60.08
3142,owner,89.92
3143,small,30.71
3144,option,76.0
3145,hair,99.73
3146,serve,52.85
3147,political,47.84
3148,difficult,43.32
3149,firm,86.8
3150,Mrs,22.8
3151,what,23.07
3152,future,49.34
3153,attorney,45.03
3154,question,94.82
3155,rate,73.61
3156,sea,72.91
3157,necessary,43.22
3158,heavy,26.69
3159,stand,14.36
3160,message,48.62
3161,perhaps,88.83
3162,anything,31.41
3163,interview,72.39
3164,exactly,31.8
3165,college,40.13
3166,budget,70.14
3167,maintain,74.1
3168,decide,76.53
3169,fly,72.44
3170,center,77.93
3171,consider,88.89
3172,fight,22.79
3173,tough,17.88
3174,strong,16.91
3175,method,51.32
3176,cell,23.78
3177,agree,58.11
3178,sea,42.51
3179,kid,56.73
3180,management,15.49
3181,effort,78.46
3182,policy,26.72
3183,put,61.34
3184,weight,86.34
3185,call,33.72
3186,article,93.25
3187,drive,75.72
3188,generation,53.25
3189,vote,50.26
3190,resource,75.03
3191,increase,23.6
3192,word,79.63
3193,here,25.05
3194,on,24.5
3195,start,75.55
3196,line,99.09
3197,degree,20.79
3198,call,63.99
3199,than,49.79
3200,pattern,81.56
3201,speech,92.21
3202,part,41.99
3203,cut,92.12
3204,more,23.23
3205,town,83.31
3206,from,85.54
3207,trade,24.09
3208,sort,19.23
3209,responsibility,89.77
3210,foot,83.36
3211,article,84.2
3212,thought,40.34
3213,event,71.53
3214,brother,71.63
3215,happen,67.71
3216,exist,42.3
3217,if,85.41
3218,painting,92.58
3219,figure,59.42
3220,section,69.44
3221,help,12.38
3222,surface,83.08
3223,one,24.59
3224,old,51.3
3225,media,48.83
3226,pull,10.44
3227,read,88.03
3228,of,29.13
3229,quickly,78.78
3230,state,85.53
3231,strategy,86.48
3232,sense,86.35
3233,view,21.51
3234,his,97.98
3235,surface,97.95
3236,sort,82.93
3237,detail,54.0
3238,lay,36.38
3239,consumer,55.41
3240,change,53.13
3241,college,35.69
3242,believe,75.22
3243,design,13.39
3244,myself,71.36
3245,see,40.06
3246,reason,46.77
3247,relate,85.2
3248,act,59.02
3249,police,40.8
3250,effort,66.55
3251,outside,55.29
3252,couple,73.86
3253,save,13.5
3254,answer,42.78
3255,skill,98.02
3256,data,19.02
3257,toward,58.04
3258,music,19.14
3259,only,72.69
3260,wish,68.71
3261,some,31.46
3262,traditional,91.36
3263,near,81.09
3264,raise,79.9
3265,figure,19.06
3266,only,17.31
3267,against,21.99
3268,partner,15.42
3269,during,46.86
3270,occur,31.73
3271,offer,39.22
3272,nation,29.13
3273,official,71.3
3274,important,82.9
3275,admit,68.83
3276,receive,23.3
3277,method,75.52
3278,fall,72.31
3279,record,63.02
3280,long,90.03
3281,hot,32.5
3282,science,44.84
3283,image,13.5
3284,behind,12.99
3285,hospital,95.25
3286,after,28.95
3287,exactly,97.31
3288,door,97.02
3289,program,81.26
3290,nation,46.45
3291,short,79.77
3292,again,95.24
3293,start,83.84
3294,foot,27.59
3295,she,75.44
3296,newspaper,46.33
3297,apply,37.35
3298,fast,30.47
3299,reality,13.97
3300,them,70.58
3301,study,38.19
3302,its,86.33
3303,source,76.97
3304,find,21.89
3305,second,11.61
3306,she,83.74
3307,bar,37.46
3308,size,77.97
3309,community,17.04
3310,card,21.58
3311,including,30.76
3312,case,60.79
3313,sort,17.15
3314,clear,98.28
3315,year,51.02
3316,agree,68.23
3317,from,78.91
3318,always,29.54
3319,community,57.99
3320,identify,96.89
3321,two,77.96
3322,remain,57.59
3323,each,86.76
3324,see,66.06
3325,let,40.58
3326,term,60.75
3327,play,26.11
3328,laugh,20.59
3329,guess,99.71
3330,affect,72.93
3331,something,82.64
3332,occur,98.95
3333,though,34.76
3334,whole,43.7
3335,process,86.78
3336,actually,57.47
3337,improve,82.11
3338,within,29.57
3339,young,91.72
3340,stuff,88.51
3341,instead,36.94
3342,move,77.74
3343,score,27.23
3344,speech,21.01
3345,meet,43.6
3346,protect,91.93
3347,nature,82.34
3348,by,83.93
3349,perhaps,15.86
3350,sea,71.68
3351,easy,33.82
3352,my,35.4
3353,fill,15.35
3354,television,70.58
3355,knowledge,40.36
3356,simple,93.08
3357,general,51.06
3358,well,43.42
3359,school,11.31
3360,building,15.42
3361,act,47.28
3362,myself,78.81
3363,learn,23.99
3364,think,94.28
3365,short,79.22
3366,election,65.12
3367,report,75.27
3368,face,86.03
3369,parent,88.58
3370,clear,33.1
3371,throw,67.47
3372,particularly,95.42
3373,marriage,62.48
3374,she,25.96
3375,visit,25.86
3376,organization,49.08
3377,heart,11.26
3378,soon,51.35
3379,anything,43.99
3380,nation,34.82
3381,edge,82.32
3382,own,26.81
3383,never,85.07
3384,early,68.49
3385,school,24.06
3386,deal,75.64
3387,compare,26.83
3388,voice,33.54
3389,back,35.47
3390,up,70.64
3391,table,64.97
3392,together,37.01
3393,reveal,32.57
3394,know,64.16
3395,force,64.38
3396,south,97.91
3397,picture,56.57
3398,explain,27.0
3399,last,85.47
3400,north,25.59
3401,wife,53.46
3402,follow,82.67
3403,go,18.83
3404,street,83.04
3405,sit,15.64
3406,remember,48.54
3407,adult,19.0
3408,issue,47.37
3409,imagine,11.43
3410,simply,95.42
3411,right,29.77
3412,despite,43.03
3413,court,65.52
3414,popular,56.63
3415,gun,11.81
3416,person,99.75
3417,market,12.54
3418,change,56.08
3419,more,53.87
3420,exist,42.5
3421,space,76.97
3422,land,73.91
3423,late,60.66
3424,next,16.76
3425,room,19.72
3426,pattern,90.73
3427,history,83.63
3428,operation,91.65
3429,American,89.79
3430,thing,40.49
3431,point,58.8
3432,we,56.03
3433,most,25.8
3434,oil,51.43
3435,student,25.94
3436,international,24.57
3437,government,32.47
3438,believe,35.01
3439,why,23.44
3440,Democrat,86.13
3441,Mrs,16.81
3442,relate,66.56
3443,but,39.06
3444,member,86.77
3445,art,76.98
3446,black,73.55
3447,well,17.66
3448,industry,12.93
3449,oil,16.99
3450,accept,97.32
3451,type,86.13
3452,site,84.77
3453,model,67.63
3454,ask,29.22
3455,cut,11.71
3456,product,81.12
3457,look,27.86
3458,campaign,93.02
3459,rich,85.31
3460,ever,78.45
3461,section,22.2
3462,word,47.04
3463,job,44.06
3464,report,77.34
3465,price,35.64
3466,use,68.47
3467,watch,45.14
3468,well,92.14
3469,meeting,79.33
3470,increase,22.51
3471,good,23.89
3472,dinner,89.63
3473,son,22.87
3474,medical,63.54
3475,arrive,23.71
3476,heart,25.79
3477,sometimes,46.14
3478,hear,79.36
3479,per,50.63
3480,seek,86.22
3481,particularly,31.14
3482,loss,83.76
3483,grow,16.31
3484,answer,99.12
3485,while,37.89
3486,director,51.23
3487,do,62.13
3488,their,58.14
3489,help,79.07
3490,term,82.22
3491,interesting,41.0
3492,particularly,84.8
3493,trial,80.73
3494,shoulder,72.11
3495,artist,60.97
3496,become,85.44
3497,hundred,32.45
3498,any,43.69
3499,nature,38.67
3500,or,31.25
3501,one,75.28
3502,street,73.98
3503,care,50.87
3504,a,66.41
3505,performance,87.83
3506,appear,92.04
3507,wrong,94.12
3508,store,65.54
3509,couple,95.12
3510,wall,34.75
3511,opportunity,39.53
3512,control,42.22
3513,piece,89.17
3514,front,61.19
3515,teacher,62.25
3516,set,61.71
3517,trade,49.02
3518,pattern,46.5
3519,write,69.0
3520,face,82.25
3521,edge,81.06
3522,clear,51.51
3523,find,28.71
3524,American,65.25
3525,radio,35.82
3526,door,64.29
3527,baby,28.92
3528,write,48.36
3529,already,15.59
3530,information,89.75
3531,now,81.9
3532,south,89.14
3533,close,96.28
3534,paper,36.05
3535,free,24.58
3536,national,38.25
3537,audience,70.5
3538,detail,71.61
3539,truth,91.81
3540,kind,53.76
3541,learn,48.29
3542,never,80.11
3543,gas,43.87
3544,history,52.71
3545,throughout,69.45
3546,power,85.31
3547,night,35.63
3548,accept,26.03
3549,hear,49.74
3550,sort,66.32
3551,toward,57.08
3552,much,77.74
3553,technology,35.5
3554,property,69.05
3555,subject,33.3
3556,box,24.33
3557,type,51.17
3558,sure,22.97
3559,join,14.32
3560,friend,27.32
3561,couple,96.57
3562,analysis,95.39
3563,mind,94.2
3564,life,97.54
3565,someone,40.82
3566,hair,17.16
3567,especially,15.05
3568,well,83.85
3569,great,74.7
3570,meet,65.39
3571,five,46.26
3572,day,49.92
3573,pass,48.77
3574,decade,31.29
3575,section,31.18
3576,project,50.92
3577,design,70.51
3578,listen,57.35
3579,already,81.22
3580,sense,93.13
3581,fill,12.96
3582,debate,35.88
3583,ever,67.83
3584,natural,58.17
3585,firm,78.73
3586,card,35.94
3587,figure,16.01
3588,along,91.52
3589,miss,58.84
3590,bring,60.62
3591,author,84.3
3592,tough,43.66
3593,size,69.47
3594,hit,97.21
3595,protect,56.36
3596,statement,73.26
3597,like,62.69
3598,area,36.99
3599,realize,80.62
3600,enough,42.31
3601,speak,30.93
3602,represent,69.67
3603,weight,73.79
3604,matter,17.16
3605,possible,61.34
3606,situation,81.82
3607,she,71.51
3608,relate,31.19
3609,clear,56.48
3610,go,78.61
3611,also,57.67
3612,week,87.76
3613,say,22.87
3614,environmental,89.92
3615,some,60.1
3616,road,67.62
3617,court,83.45
3618,method,31.12
3619,think,36.54
3620,tough,63.97
3621,pressure,76.11
3622,water,98.77
3623,pick,54.62
3624,positive,87.76
3625,American,66.65
3626,fly,60.08
3627,claim,40.22
3628,western,89.57
3629,commercial,20.8
3630,body,38.05
3631,southern,30.83
3632,spend,18.58
3633,alone,77.48
3634,society,70.06
3635,service,90.36
3636,serve,79.03
3637,if,68.7
3638,likely,12.66
3639,people,44.2
3640,field,47.13
3641,resource,83.6
3642,scene,19.31
3643,experience,79.15
3644,form,44.32
3645,relate,12.6
3646,visit,67.09
3647,discover,26.67
3648,nothing,22.64
3649,federal,67.33
3650,speech,63.57
3651,Mrs,55.22
3652,president,49.61
3653,end,10.49
3654,baby,20.96
3655,field,25.32
3656,during,70.2
3657,over,28.64
3658,Republican,42.23
3659,especially,78.86
3660,I,85.72
3661,away,27.66
3662,event,35.82
3663,fire,35.42
3664,accept,50.73
3665,need,71.97
3666,large,53.89
3667,citizen,59.32
3668,too,96.68
3669,particularly,69.14
3670,perhaps,26.21
3671,yard,32.74
3672,so,77.14
3673,fly,53.66
3674,some,70.73
3675,wonder,68.98
3676,various,21.41
3677,about,82.05
3678,treatment,64.59
3679,nor,12.62
3680,as,74.0
3681,option,95.95
3682,door,32.32
3683,glass,58.8
3684,involve,22.58
3685,keep,82.7
3686,apply,75.51
3687,difficult,90.64
3688,magazine,59.39
3689,line,23.57
3690,room,10.97
3691,them,36.88
3692,year,57.98
3693,take,25.08
3694,high,93.49
3695,theory,75.44
3696,remember,92.65
3697,our,46.15
3698,off,45.0
3699,former,18.09
3700,direction,52.29
3701,research,98.25
3702,along,39.88
3703,huge,61.6
3704,training,17.58
3705,item,71.64
3706,poor,22.37
3707,arm,34.48
3708,them,94.68
3709,form,58.38
3710,catch,49.0
3711,score,34.73
3712,evening,32.96
3713,play,12.65
3714,affect,59.61
3715,per,41.29
3716,plant,46.25
3717,bar,20.13
3718,ready,42.62
3719,contain,82.94
3720,be,97.68
3721,Congress,18.48
3722,break,18.98
3723,control,70.05
3724,rest,58.56
3725,similar,49.41
3726,when,12.84
3727,short,52.7
3728,attention,65.35
3729,raise,60.07
3730,develop,96.47
3731,song,28.0
3732,might,65.17
3733,production,34.89
3734,ago,97.7
3735,free,27.03
3736,item,64.28
3737,major,97.93
3738,clearly,59.57
3739,imagine,22.37
3740,despite,33.03
3741,great,69.51
3742,last,19.42
3743,may,70.37
3744,for,78.66
3745,decision,37.16
3746,our,46.64
3747,couple,16.66
3748,go,72.55
3749,organization,78.42
3750,southern,67.31
3751,Mr,62.27
3752,together,40.49
3753,oil,28.24
3754,big,22.42
3755,prevent,54.51
3756,bank,70.02
3757,lose,87.66
3758,level,30.39
3759,still,86.68
3760,where,82.38
3761,red,92.99
3762,large,37.16
3763,piece,94.23
3764,enjoy,22.75
3765,identify,51.4
3766,yard,13.87
3767,bit,35.81
3768,ahead,69.79
3769,Republican,84.4
3770,southern,68.5
3771,knowledge,89.07
3772,notice,66.34
3773,product,10.98
3774,network,68.19
3775,enjoy,47.0
3776,central,62.11
3777,tell,16.96
3778,senior,82.57
3779,form,41.33
3780,reveal,70.88
3781,receive,89.47
3782,sit,94.64
3783,star,69.37
3784,idea,29.3
3785,firm,21.73
3786,by,99.86
3787,here,18.2
3788,billion,43.78
3789,here,57.11
3790,drug,69.51
3791,pass,36.32
3792,development,69.65
3793,staff,62.54
3794,study,58.65
3795,smile,52.57
3796,machine,84.3
3797,mind,12.48
3798,high,70.13
3799,thank,32.53
3800,myself,75.8
3801,would,49.48
3802,nor,75.34
3803,camera,69.67
3804,market,43.27
3805,available,30.41
3806,mother,32.23
3807,form,64.27
3808,their,73.75
3809,mean,72.7
3810,stock,82.28
3811,mind,83.36
3812,art,95.77
3813,employee,36.43
3814,claim,99.72
3815,born,65.14
3816,least,62.21
3817,exist,43.6
3818,quickly,54.81
3819,dream,26.1
3820,big,10.52
3821,respond,60.27
3822,country,30.25
3823,audience,22.21
3824,loss,56.42
3825,people,48.73
3826,plan,90.84
3827,foreign,29.14
3828,hotel,57.72
3829,often,15.36
3830,improve,31.17
3831,step,63.63
3832,believe,81.34
3833,kitchen,32.79
3834,wrong,61.39
3835,adult,77.03
3836,third,87.2
3837,glass,76.19
3838,though,93.84
3839,something,78.93
3840,voice,24.13
3841,under,81.35
3842,manager,62.19
3843,thought,57.24
3844,along,98.72
3845,other,86.18
3846,ball,37.3
3847,instead,53.15
3848,ground,60.61
3849,doctor,67.62
3850,they,10.79
3851,financial,77.0
3852,argue,15.31
3853,bill,89.59
3854,ask,72.66
3855,suggest,93.56
3856,street,81.52
3857,show,65.53
3858,will,73.2
3859,next,49.35
3860,activity,81.56
3861,strong,18.41
3862,house,84.88
3863,effect,77.01
3864,popular,25.92
3865,box,66.27
3866,well,16.2
3867,work,34.07
3868,ok,40.58
3869,go,32.52
3870,much,50.2
3871,check,67.32
3872,quite,33.43
3873,forward,62.76
3874,practice,92.59
3875,while,13.29
3876,professional,13.35
3877,arrive,11.56
3878,style,82.2
3879,final,84.71
3880,before,33.48
3881,degree,88.63
3882,mother,55.42
3883,generation,59.99
3884,reveal,78.8
3885,west,68.69
3886,soon,52.3
3887,issue,40.7
3888,through,93.11
3889,get,59.34
3890,top,65.16
3891,change,46.57
3892,would,52.51
3893,anything,63.97
3894,lawyer,85.05
3895,special,88.97
3896,PM,79.34
3897,word,45.31
3898,culture,98.62
3899,else,89.57
3900,enough,10.51
3901,song,33.16
3902,stop,68.81
3903,high,53.15
3904,hand,69.79
3905,effect,83.27
3906,type,34.3
3907,never,89.15
3908,account,65.06
3909,parent,41.74
3910,free,52.56
3911,style,11.08
3912,could,35.04
3913,easy,58.82
3914,whole,21.88
3915,cost,79.55
3916,rule,82.91
3917,term,11.34
3918,no,98.25
3919,kind,25.34
3920,every,35.98
3921,author,25.39
3922,market,60.15
3923,make,51.57
3924,cultural,35.5
3925,kind,73.32
3926,rise,14.9
3927,including,83.02
3928,shake,31.8
3929,mission,12.75
3930,do,76.96
3931,end,88.5
3932,act,97.57
3933,treatment,86.21
3934,among,27.85
3935,resource,20.6
3936,social,58.24
3937,around,28.34
3938,order,61.69
3939,maintain,24.92
3940,because,36.8
3941,debate,66.85
3942,reflect,92.92
3943,feel,83.85
3944,piece,75.71
3945,agent,83.95
3946,nearly,99.68
3947,positive,28.09
3948,bed,60.12
3949,his,25.17
3950,clear,52.97
3951,need,87.3
3952,question,22.05
3953,near,86.07
3954,true,15.98
3955,second,85.49
3956,exist,81.12
3957,truth,85.52
3958,rich,32.97
3959,history,83.5
3960,civil,95.27
3961,center,42.79
3962,wide,40.53
3963,safe,11.22
3964,several,18.27
3965,religious,56.72
3966,your,99.04
3967,set,12.8
3968,budget,17.89
3969,you,75.33
3970,word,34.53
3971,stop,38.26
3972,one,47.67
3973,small,29.96
3974,kind,59.92
3975,into,44.9
3976,crime,38.91
3977,all,90.63
3978,some,15.98
3979,service,95.18
3980,man,46.1
3981,game,35.5
3982,strategy,95.71
3983,benefit,38.12
3984,seek,40.55
3985,them,52.53
3986,lay,40.31
3987,actually,68.34
3988,late,67.66
3989,point,77.67
3990,top,24.47
3991,research,76.7
3992,cost,51.37
3993,foreign,10.92
3994,chance,10.19
3995,defense,48.6
3996,billion,65.25
3997,girl,36.55
3998,represent,77.63
3999,whole,57.75
4000,later,83.32
4001,choose,14.13
4002,compare,68.47
4003,left,84.83
4004,same,78.65
4005,pressure,56.06
4006,term,67.53
4007,lawyer,27.77
4008,management,77.38
4009,development,67.95
4010,specific,30.5
4011,event,85.87
4012,represent,57.24
4013,consumer,88.68
4014,nice,56.03
4015,say,80.55
4016,daughter,39.69
4017,interest,68.66
4018,outside,68.65
4019,student,11.81
4020,project,18.8
4021,art,23.99
4022,who,49.91
4023,by,10.71
4024,card,24.54
4025,land,99.35
4026,believe,21.85
4027,almost,56.21
4028,prove,40.68
4029,money,58.23
4030,same,49.09
4031,begin,87.2
4032,every,67.21
4033,order,38.81
4034,your,26.1
4035,will,45.29
4036,attention,74.67
4037,else,15.57
4038,fire,88.61
4039,mind,19.39
4040,hit,99.29
4041,else,68.25
4042,step,83.01
4043,career,74.9
4044,maintain,85.74
4045,may,35.68
4046,check,71.91
4047,good,18.93
4048,born,76.82
4049,nation,42.13
4050,discover,34.69
4051,yeah,31.63
4052,war,27.98
4053,share,23.47
4054,resource,31.65
4055,cut,59.09
4056,direction,99.53
4057,tax,77.88
4058,however,42.81
4059,for,84.54
4060,if,66.34
4061,mind,32.59
4062,several,57.07
4063,party,73.51
4064,somebody,44.84
4065,entire,17.28
4066,one,37.24
4067,beyond,42.35
4068,agreement,35.93
4069,their,88.76
4070,between,27.87
4071,end,13.99
4072,most,83.11
4073,simple,76.65
4074,notice,40.33
4075,authority,75.95
4076,take,16.94
4077,board,57.93
4078,ever,35.11
4079,question,17.1
4080,style,92.37
4081,receive,48.61
4082,water,44.36
4083,describe,18.72
4084,dog,31.23
4085,old,74.28
4086,quickly,72.01
4087,fish,70.29
4088,put,56.32
4089,experience,13.03
4090,enjoy,21.89
4091,grow,83.26
4092,down,99.77
4093,trouble,18.12
4094,us,85.46
4095,blue,48.01
4096,generation,52.06
4097,every,59.13
4098,deep,91.58
4099,agree,47.45
4100,themselves,32.4
4101,find,20.43
4102,bed,62.94
4103,onto,82.21
4104,chance,99.11
4105,employee,61.82
4106,section,14.42
4107,now,31.41
4108,PM,23.04
4109,but,55.1
4110,find,45.5
4111,player,60.15
4112,service,65.6
4113,rate,85.78
4114,administration,98.51
4115,leg,96.17
4116,almost,94.06
4117,body,49.82
4118,skin,60.96
4119,recent,84.0
4120,large,67.85
4121,step,76.81
4122,American,71.62
4123,have,99.73
4124,final,85.66
4125,for,35.08
4126,difference,73.11
4127,price,61.17
4128,political,89.33
4129,effect,53.73
4130,far,51.6
4131,north,20.92
4132,ahead,98.04
4133,bank,43.82
4134,summer,10.06
4135,describe,53.59
4136,through,66.97
4137,lead,84.35
4138,crime,22.46
4139,school,59.59
4140,form,65.9
4141,democratic,83.05
4142,government,60.73
4143,head,80.12
4144,though,66.32
4145,section,55.71
4146,author,33.88
4147,music,80.31
4148,stay,78.19
4149,add,14.49
4150,his,90.73
4151,those,43.81
4152,while,82.33
4153,arrive,84.85
4154,peace,96.89
4155,relationship,45.79
4156,too,93.08
4157,good,62.8
4158,responsibility,73.07
4159,shoulder,71.3
4160,rule,44.46
4161,ready,23.31
4162,somebody,11.45
4163,outside,77.03
4164,claim,32.07
4165,study,55.44
4166,baby,43.7
4167,institution,83.69
4168,door,92.39
4169,else,70.54
4170,whose,21.96
4171,agent,10.93
4172,test,36.97
4173,pass,13.1
4174,item,73.76
4175,along,71.04
4176,skill,87.87
4177,response,64.98
4178,special,60.24
4179,cold,46.69
4180,they,40.2
4181,seat,65.16
4182,open,78.72
4183,start,62.12
4184,minute,48.83
4185,role,95.03
4186,one,39.99
4187,study,96.25
4188,shoulder,82.43
4189,clear,47.59
4190,own,97.37
4191,health,67.66
4192,memory,14.11
4193,knowledge,66.77
4194,consider,45.34
4195,around,17.0
4196,time,58.04
4197,soon,74.03
4198,return,67.3
4199,window,37.28
4200,black,45.3
4201,company,24.69
4202,brother,37.46
4203,expect,68.72
4204,church,44.62
4205,into,75.2
4206,media,78.33
4207,cause,42.54
4208,book,16.71
4209,player,99.16
4210,yourself,72.41
4211,way,50.12
4212,bad,34.48
4213,learn,10.86
4214,culture,17.54
4215,sing,83.93
4216,central,35.47
4217,approach,36.84
4218,per,96.49
4219,development,66.37
4220,yes,91.38
4221,into,59.6
4222,happen,30.67
4223,imagine,31.11
4224,indicate,93.48
4225,attorney,46.59
4226,state,52.26
4227,treatment,24.8
4228,decide,57.27
4229,whose,88.95
4230,environment,99.78
4231,easy,93.46
4232,theory,42.29
4233,participant,11.33
4234,bring,56.63
4235,exactly,70.87
4236,measure,46.77
4237,mention,54.91
4238,outside,48.04
4239,thousand,91.77
4240,like,37.39
4241,strong,14.96
4242,continue,41.79
4243,before,56.34
4244,can,64.43
4245,artist,77.9
4246,want,37.93
4247,spend,79.55
4248,book,36.07
4249,modern,45.87
4250,whom,47.12
4251,always,60.33
4252,fall,94.45
4253,quite,38.51
4254,themselves,51.15
4255,election,64.31
4256,well,25.93
4257,Mrs,11.65
4258,including,39.92
4259,rise,45.76
4260,whose,71.07
4261,them,62.23
4262,east,68.72
4263,fear,57.89
4264,someone,90.26
4265,billion,12.68
4266,Democrat,37.33
4267,phone,47.45
4268,glass,46.52
4269,forward,16.95
4270,food,28.48
4271,career,50.16
4272,particularly,97.58
4273,apply,46.67
4274,mouth,83.34
4275,drug,38.27
4276,daughter,49.26
4277,TV,20.47
4278,then,78.44
4279,natural,99.85
4280,child,80.51
4281,many,78.78
4282,order,45.07
4283,inside,97.68
4284,wrong,25.51
4285,until,33.92
4286,peace,84.27
4287,agreement,26.23
4288,fish,55.35
4289,how,88.92
4290,check,63.82
4291,development,28.83
4292,although,88.34
4293,actually,15.55
4294,she,29.11
4295,also,96.72
4296,blue,44.65
4297,nature,12.64
4298,two,95.89
4299,I,18.45
4300,painting,46.53
4301,simple,59.39
4302,firm,31.3
4303,full,33.16
4304,debate,66.68
4305,trial,97.14
4306,start,57.61
4307,camera,70.58
4308,attention,15.44
4309,bank,26.82
4310,really,56.94
4311,effort,59.99
4312,blood,20.54
4313,doctor,43.31
4314,ask,76.51
4315,enter,53.22
4316,with,90.95
4317,really,65.93
4318,part,88.44
4319,information,79.33
4320,have,77.55
4321,maybe,97.18
4322,eight,46.91
4323,course,24.55
4324,support,90.08
4325,half,33.68
4326,despite,83.59
4327,help,42.15
4328,this,75.73
4329,feeling,17.97
4330,size,74.59
4331,friend,54.66
4332,door,74.27
4333,nearly,14.27
4334,experience,13.89
4335,growth,95.69
4336,employee,57.34
4337,but,28.0
4338,five,79.86
4339,whom,93.3
4340,case,60.43
4341,much,10.92
4342,lead,92.59
4343,order,16.23
4344,build,58.41
4345,around,45.58
4346,organization,14.12
4347,for,92.09
4348,hit,39.71
4349,movement,92.22
4350,according,91.5
4351,remain,37.52
4352,wife,34.55
4353,while,24.74
4354,cut,99.7
4355,everybody,63.66
4356,east,26.59
4357,student,80.23
4358,amount,48.04
4359,recognize,85.04
4360,age,93.56
4361,always,20.66
4362,fine,19.95
4363,open,93.31
4364,region,69.92
4365,even,30.97
4366,move,24.27
4367,director,38.22
4368,paper,92.32
4369,again,61.31
4370,clear,47.01
4371,computer,22.94
4372,decide,64.53
4373,late,11.12
4374,year,16.09
4375,spend,43.27
4376,nice,92.38
4377,reason,38.91
4378,night,34.99
4379,movie,42.86
4380,story,16.38
4381,better,90.85
4382,interesting,21.14
4383,girl,88.38
4384,machine,25.83
4385,degree,91.32
4386,actually,90.72
4387,develop,94.99
4388,and,97.15
4389,doctor,53.02
4390,hand,24.42
4391,state,64.09
4392,line,59.66
4393,ok,88.64
4394,role,99.42
4395,civil,12.36
4396,name,62.87
4397,concern,80.31
4398,thousand,45.71
4399,situation,30.51
4400,cup,31.85
4401,radio,91.24
4402,political,32.23
4403,weight,23.68
4404,yes,35.1
4405,minute,17.34
4406,dark,43.88
4407,free,44.09
4408,discover,72.58
4409,heavy,62.45
4410,part,16.07
4411,health,23.97
4412,alone,85.55
4413,a,30.79
4414,guess,15.06
4415,ago,88.26
4416,yet,33.02
4417,letter,85.53
4418,experience,75.17
4419,player,55.96
4420,office,97.25
4421,your,52.29
4422,within,50.18
4423,consider,42.94
4424,town,51.67
4425,account,47.29
4426,hour,64.84
4427,trade,97.3
4428,pattern,25.98
4429,cultural,66.58
4430,indicate,96.94
4431,design,39.76
4432,student,98.96
4433,instead,75.96
4434,market,73.93
4435,without,73.16
4436,board,13.33
4437,level,48.59
4438,particularly,30.28
4439,turn,34.84
4440,take,24.83
4441,of,11.21
4442,agent,77.59
4443,source,21.96
4444,decide,37.58
4445,most,71.06
4446,heart,66.31
4447,shoulder,17.11
4448,cell,66.5
4449,speak,65.24
4450,government,40.46
4451,painting,62.34
4452,assume,57.74
4453,kid,74.79
4454,school,56.73
4455,road,89.65
4456,add,62.78
4457,use,65.93
4458,economy,24.85
4459,whose,86.2
4460,teacher,50.07
4461,single,69.72
4462,can,95.86
4463,economic,45.37
4464,stand,52.57
4465,thousand,61.38
4466,just,32.91
4467,board,18.24
4468,movie,48.96
4469,score,60.5
4470,natural,59.99
4471,agreement,18.11
4472,happy,98.48
4473,represent,81.07
4474,knowledge,96.45
4475,try,52.25
4476,boy,91.7
4477,always,95.64
4478,cultural,76.61
4479,fine,22.63
4480,like,12.5
4481,forward,53.13
4482,nor,88.37
4483,them,71.87
4484,fight,56.21
4485,worry,10.96
4486,director,27.98
4487,air,54.0
4488,visit,93.61
4489,resource,61.59
4490,brother,89.83
4491,history,81.31
4492,could,34.71
4493,certain,81.87
4494,check,43.35
4495,several,22.54
4496,ball,46.13
4497,another,13.73
4498,maintain,43.87
4499,send,44.78
4500,officer,81.56
4501,star,14.48
4502,head,44.2
4503,billion,56.74
4504,must,83.6
4505,role,73.25
4506,mouth,21.69
4507,company,37.08
4508,expect,19.73
4509,important,70.29
4510,court,41.69
4511,organization,11.18
4512,moment,49.65
4513,determine,35.69
4514,blue,68.16
4515,evidence,74.81
4516,nice,84.29
4517,near,87.08
4518,get,70.82
4519,window,52.76
4520,father,52.75
4521,party,30.12
4522,same,48.9
4523,indeed,27.92
4524,society,90.26
4525,common,81.7
4526,himself,10.98
4527,good,66.33
4528,PM,11.5
4529,property,44.73
4530,stuff,57.62
4531,meet,26.63
4532,fill,17.24
4533,behind,34.56
4534,city,55.71
4535,bill,98.59
4536,then,94.82
4537,describe,61.5
4538,just,52.81
4539,chance,43.44
4540,wife,32.05
4541,billion,21.63
4542,be,57.92
4543,arm,56.65
4544,compare,14.49
4545,employee,36.41
4546,Mrs,93.28
4547,thing,16.39
4548,white,44.1
4549,think,81.08
4550,then,90.68
4551,edge,82.0
4552,newspaper,73.01
4553,practice,57.07
4554,concern,85.03
4555,strategy,92.97
4556,them,88.69
4557,daughter,93.43
4558,ten,17.38
4559,statement,51.93
4560,mind,92.7
4561,day,11.57
4562,will,83.63
4563,school,78.79
4564,benefit,75.47
4565,certainly,87.83
4566,foreign,92.86
4567,certainly,10.86
4568,she,57.58
4569,bit,90.95
4570,foot,64.39
4571,entire,43.12
4572,fast,65.71
4573,party,60.19
4574,sell,98.02
4575,style,11.23
4576,the,44.14
4577,memory,19.51
4578,economic,16.98
4579,individual,75.05
4580,others,84.16
4581,writer,15.66
4582,TV,75.25
4583,sense,64.75
4584,clear,78.34
4585,year,98.19
4586,hard,57.87
4587,or,19.36
4588,only,22.58
4589,kind,20.5
4590,eat,37.01
4591,live,17.0
4592,serve,82.8
4593,actually,16.74
4594,guess,77.9
4595,view,54.9
4596,show,87.78
4597,effect,95.15
4598,simply,98.03
4599,down,95.48
4600,yet,49.48
4601,key,52.28
4602,safe,97.96
4603,rise,81.16
4604,several,53.96
4605,Congress,94.28
4606,political,37.02
4607,American,80.19
4608,after,57.77
4609,thousand,18.65
4610,now,39.65
4611,professional,54.68
4612,firm,93.36
4613,against,83.85
4614,continue,12.55
4615,scientist,40.18
4616,notice,45.31
4617,age,43.37
4618,dog,86.4
4619,also,89.12
4620,admit,40.01
4621,safe,19.97
4622,data,34.42
4623,example,65.71
4624,difference,84.35
4625,good,47.39
4626,understand,50.0
4627,role,27.74
4628,risk,97.69
4629,look,45.1
4630,approach,10.53
4631,worry,85.31
4632,budget,41.64
4633,much,27.61
4634,child,32.24
4635,total,51.1
4636,imagine,89.39
4637,option,34.01
4638,quite,64.51
4639,some,71.51
4640,couple,51.37
4641,lawyer,61.91
4642,hold,13.89
4643,whom,95.34
4644,break,59.42
4645,least,41.55
4646,safe,56.09
4647,paper,84.28
4648,among,22.28
4649,information,77.92
4650,television,78.08
4651,hour,37.81
4652,music,46.35
4653,interest,39.59
4654,peace,89.86
4655,admit,96.48
4656,practice,11.58
4657,their,65.82
4658,agree,53.61
4659,beat,45.3
4660,certain,49.18
4661,send,14.5
4662,together,83.14
4663,watch,70.38
4664,collection,89.63
4665,model,90.88
4666,picture,32.07
4667,themselves,93.64
4668,minute,17.17
4669,laugh,86.18
4670,trip,69.37
4671,among,97.38
4672,night,63.49
4673,way,80.51
4674,station,41.15
4675,pattern,18.28
4676,international,85.62
4677,accept,68.49
4678,father,82.41
4679,work,88.96
4680,may,70.13
4681,everyone,18.82
4682,adult,10.48
4683,score,20.51
4684,record,98.05
4685,theory,15.98
4686,another,67.95
4687,eat,41.2
4688,then,53.95
4689,parent,33.94
4690,force,44.92
4691,small,18.99
4692,knowledge,13.91
4693,show,50.19
4694,these,69.54
4695,eight,58.38
4696,body,43.65
4697,expert,90.95
4698,fish,48.74
4699,pretty,87.4
4700,central,33.51
4701,interesting,84.46
4702,nor,97.82
4703,gas,16.17
4704,school,70.72
4705,there,99.44
4706,seem,56.36
4707,way,48.23
4708,able,43.64
4709,parent,75.2
4710,old,34.04
4711,rest,91.15
4712,task,62.41
4713,day,58.44
4714,human,88.06
4715,never,38.25
4716,provide,51.94
4717,this,20.7
4718,involve,15.6
4719,region,64.28
4720,professional,59.84
4721,first,69.95
4722,continue,44.56
4723,east,56.84
4724,where,33.3
4725,two,18.85
4726,leader,60.71
4727,magazine,78.79
4728,example,73.32
4729,ability,36.75
4730,already,93.67
4731,new,55.58
4732,own,40.12
4733,smile,58.59
4734,upon,46.36
4735,TV,56.21
4736,although,65.71
4737,maybe,45.03
4738,measure,64.35
4739,central,91.96
4740,add,32.24
4741,ball,58.6
4742,have,89.42
4743,actually,43.93
4744,thousand,48.9
4745,cultural,65.88
4746,avoid,36.51
4747,now,10.14
4748,for,80.65
4749,road,55.36
4750,million,58.65
4751,bring,77.25
4752,painting,90.63
4753,choice,77.63
4754,official,20.64
4755,travel,24.61
4756,most,75.76
4757,stop,50.72
4758,every,50.89
4759,huge,22.14
4760,through,92.15
4761,hand,13.44
4762,maybe,30.65
4763,only,93.66
4764,yes,64.32
4765,care,49.3
4766,spend,68.5
4767,religious,14.15
4768,mission,94.89
4769,determine,20.91
4770,boy,99.32
4771,mention,82.08
4772,stuff,60.92
4773,brother,44.71
4774,PM,50.07
4775,fine,53.1
4776,coach,87.86
4777,leave,28.21
4778,behind,38.71
4779,well,58.91
4780,watch,28.68
4781,by,73.13
4782,response,75.76
4783,tend,67.15
4784,student,70.62
4785,reduce,85.23
4786,owner,53.6
4787,hope,17.33
4788,possible,90.0
4789,worker,84.32
4790,name,30.25
4791,do,28.63
4792,teach,50.99
4793,rich,30.32
4794,your,28.13
4795,fight,99.58
4796,computer,35.88
4797,least,65.73
4798,onto,99.97
4799,southern,27.85
4800,clear,98.65
4801,high,79.93
4802,deep,33.57
4803,artist,37.27
4804,bring,90.59
4805,activity,42.62
4806,successful,26.96
4807,begin,87.68
4808,international,36.98
4809,majority,30.65
4810,perhaps,49.25
4811,two,83.84
4812,ever,24.12
4813,such,53.67
4814,suggest,76.77
4815,threat,45.22
4816,series,95.17
4817,of,82.78
4818,feel,40.28
4819,view,70.45
4820,early,16.13
4821,us,38.32
4822,million,47.51
4823,mean,79.94
4824,idea,63.56
4825,lay,80.49
4826,line,98.2
4827,still,64.03
4828,prepare,64.18
4829,majority,10.55
4830,doctor,55.96
4831,support,53.39
4832,cover,27.97
4833,human,28.98
4834,clearly,64.15
4835,view,62.66
4836,much,66.74
4837,investment,93.29
4838,nearly,94.61
4839,president,67.59
4840,measure,23.07
4841,player,29.2
4842,another,65.49
4843,choice,75.84
4844,fact,99.17
4845,meet,12.84
4846,ball,94.93
4847,vote,90.69
4848,whom,12.92
4849,finish,51.46
4850,cup,57.72
4851,kind,23.36
4852,body,21.71
4853,media,38.47
4854,truth,46.86
4855,little,75.7
4856,head,50.81
4857,effort,70.34
4858,opportunity,47.95
4859,meet,27.02
4860,beat,10.27
4861,trial,59.26
4862,water,35.4
4863,feel,73.81
4864,report,27.69
4865,think,19.01
4866,picture,39.93
4867,treat,88.81
4868,matter,99.68
4869,hospital,19.04
4870,public,29.29
4871,who,77.77
4872,dinner,47.18
4873,although,95.09
4874,senior,93.18
4875,yes,53.43
4876,plant,13.31
4877,end,69.33
4878,medical,45.57
4879,government,99.08
4880,contain,93.54
4881,value,46.13
4882,deep,76.95
4883,certain,11.77
4884,avoid,30.79
4885,sound,82.99
4886,firm,45.47
4887,ask,42.06
4888,general,29.55
4889,throw,90.39
4890,change,71.72
4891,nation,19.24
4892,population,59.63
4893,read,21.88
4894,who,64.3
4895,pressure,43.5
4896,lawyer,70.87
4897,agreement,14.3
4898,require,71.09
4899,number,50.05
4900,executive,79.18
4901,either,90.92
4902,project,59.11
4903,wife,12.8
4904,budget,18.12
4905,body,81.46
4906,people,68.99
4907,student,40.42
4908,them,48.71
4909,just,12.14
4910,fall,55.49
4911,reduce,99.76
4912,there,74.38
4913,keep,57.27
4914,this,19.42
4915,smile,13.66
4916,campaign,97.32
4917,must,16.2
4918,choice,13.05
4919,also,55.97
4920,firm,17.95
4921,can,62.91
4922,two,57.84
4923,interesting,29.97
4924,option,89.99
4925,doctor,14.69
4926,political,17.02
4927,any,76.53
4928,describe,21.21
4929,effect,30.79
4930,bank,33.05
4931,help,49.7
4932,because,41.02
4933,alone,18.66
4934,throw,86.38
4935,find,20.63
4936,care,49.68
4937,field,22.41
4938,name,54.54
4939,too,19.75
4940,body,64.27
4941,over,30.45
4942,management,19.38
4943,million,95.44
4944,until,21.04
4945,accept,78.25
4946,become,20.97
4947,piece,88.82
4948,difficult,41.3
4949,space,21.59
4950,film,67.61
4951,travel,25.03
4952,cover,90.89
4953,dream,53.25
4954,box,11.3
4955,itself,15.94
4956,quickly,55.93
4957,choice,56.82
4958,organization,12.06
4959,probably,38.58
4960,protect,25.93
4961,easy,59.1
4962,exactly,34.14
4963,experience,23.9
4964,yeah,61.83
4965,customer,17.03
4966,gun,18.66
4967,for,15.05
4968,model,66.18
4969,most,72.67
4970,fear,46.33
4971,student,31.81
4972,head,20.47
4973,hope,12.69
4974,commercial,98.32
4975,this,58.89
4976,natural,61.1
4977,know,72.63
4978,end,22.65
4979,activity,56.15
4980,interesting,24.96
4981,right,47.66
4982,appear,48.9
4983,factor,79.22
4984,author,18.39
4985,ask,48.26
4986,head,63.61
4987,meet,28.86
4988,building,19.96
4989,knowledge,65.82
4990,he,66.66
4991,night,75.77
4992,upon,53.03
4993,oil,42.04
4994,early,84.02
4995,which,86.73
4996,hospital,73.75
4997,feeling,86.16
4998,light,34.02
4999,home,25.37
